conversation_id_str,created_at,favorite_count,full_text,id_str,image_url,in_reply_to_screen_name,lang,location,quote_count,reply_count,retweet_count,tweet_url,user_id_str,username
1.61E+18,Tue Dec 20 10:04:02 +0000 2022,0,@polrestamakota @DalemSatrio @infomalang @yusufgunawan @ipoksamidub @Senaputra_FM @KabarMalangCom @RRIMalang Mantab pak. Semoga korban akan dimudahkan untuk keluar dari masalah ini tanpa biaya... Motornya akan kembali secepatnya supaya bisa dipakai kerja lagi...,1.61E+18,,polrestamakota,in,INDONESIA,0,0,0,https://x.com/Nazarchitect/status/1605141969126035456,28976370,Nazarchitect
1.63E+18,Sat Mar 04 14:19:38 +0000 2023,0,@polrestamakota @yusufgunawan Sangat membatu sekali Ndan tapi lebih bagus lagi lek satlantas kolaborasi ngatasi Kemacetan ndek kota seng lagi rame saiki .,1.63E+18,,polrestamakota,in,"Malang, Jawa Timur",0,0,0,https://x.com/RachmanuddinA/status/1632022994666020865,8.94E+17,RachmanuddinA
1.59E+18,Fri Nov 18 02:33:47 +0000 2022,2,Nuwus pak.. Titik rawan malam hari itu disaat gerimis juga. Yg pulang mlm itu bukan hnya mereka Yg berniat dolen namun pekerja wanita Yg kena shift sore pasti plg seputar jam itu..,1.59E+18,,polrestamakota,in,Tumpang Jawa Timur,0,0,0,https://x.com/AdeqDhea/status/1593432249382633472,2440810573,AdeqDhea
1.55E+18,Tue Aug 02 12:31:26 +0000 2022,0,@polrestamakota Kapan hari pas pulang malam kaget ada beberapa motor bleyer2 dgn knalpot brong pas lewat rampal. Pagi2 cek twitter ada berita semalam sejumlah motor dg knalpot brong diringkus di jl.Ijen. Instant Karma. Rutamnuwus ndan!,1.55E+18,,polrestamakota,in,"Malang, East Java, Indonesia",0,0,0,https://x.com/DeeOfGlory/status/1554444764526682112,96472471,DeeOfGlory
1.61E+18,Wed Jan 04 12:30:03 +0000 2023,0,Aksi Penyelundupan Narkoba di Lapas Lowokwaru Malang Digagalkan Petugas: Kejadian percobaan penyelundupan narkoba tersebut terjadi pada Selasa (3/1/2022) malam ... ... https://t.co/MGNoXkeESE #beritabaik #timesindonesia #ketahananinformasi,1.61E+18,,,in,Wisma Mas Isman Jakarta,0,0,0,https://x.com/timescoid/status/1610614535156637701,1.05E+18,timescoid
1.38E+18,Tue Apr 13 17:50:51 +0000 2021,0,BNN Merapat ke kabupaten Jatim Malang kecamatan tumpang dan sekitarnya untuk beroperasi narkoba Sabu Sabu. Bila ada oknum bandar narkoba kurir Melawan petugas. Petugas wadib melindungi diri dan wajib MELUPUHKAN bandar dan kurir tersebut. https://t.co/B4DZzr11ZV,1.38E+18,,,in,,0,0,0,https://x.com/EkoFirman20/status/1382028524874129411,1.34E+18,EkoFirman20
1.35E+18,Mon Jan 11 14:43:09 +0000 2021,0,Masyarakat kabupaten Malang Jatim kecamatan tumpang menunggu ketegasan BNN untuk beroperasi narkoba di desa kami. Masyarakat cerdas sehat tanpa narkoba. https://t.co/a6ylCvClfI,1.35E+18,https://pbs.twimg.com/media/ErdWXooVEAEF_pH.jpg,,in,,0,0,0,https://x.com/EkoFirman20/status/1348641604492423171,1.34E+18,EkoFirman20
1.35E+18,Mon Jan 11 14:41:35 +0000 2021,1,Masyarakat kabupaten Malang Jatim kecamatan tumpang menunggu ketegasan BNN untuk beroperasi narkoba di desa kami. Masyarakat sehat tanpa narkoba. https://t.co/y11CXMU27l,1.35E+18,https://pbs.twimg.com/media/ErdV_l4VoAYwRhW.jpg,,in,,0,0,0,https://x.com/EkoFirman20/status/1348641207891623938,1.34E+18,EkoFirman20
1.38E+18,Fri Apr 09 05:01:53 +0000 2021,0,Seluruh masyarakat Indonesia sangat berterima kasih atas kinerja kepolisian untuk mebrantas jaringan narkoba internasional. Untuk menyelamatkan negeri tercinta dari racun narkoba. @DivHumas_Polri / BNN Merapat ke Jatim kabupaten Malang kecamatan tumpang kedesa Brantas narkoba,1.38E+18,,,in,,0,0,0,https://x.com/EkoFirman20/status/1380385456580304897,1.34E+18,EkoFirman20
1.38E+18,Mon Apr 05 05:14:40 +0000 2021,0,Kejahatan predator narkoba/ bandar narkoba kurir harus di Brantas untuk wilayah kabupaten Malang Jatim kecamatan tumpang desa2. Banyak tuduhan tuduhan Tampa Bukti yang menyasar kemasyarakat yang tidak pernah ngelakuin kejahatan. Kejahatan predator narkoba harus segera Brantas https://t.co/gva7R44Wo9,1.38E+18,https://pbs.twimg.com/media/EyL5zTuVIAEQHl-.jpg,,in,,0,0,0,https://x.com/EkoFirman20/status/1378939120324550658,1.34E+18,EkoFirman20
1.38E+18,Sun Apr 11 05:54:59 +0000 2021,0,Narkoba racun masyarakat Generasi penerus bangsa harus di selamat Dari kejahatan racun narkoba BRAVO BNN untuk beroperasi narkoba di wilayah kami kabupaten Malang Jatim kecamatan tumpang https://t.co/uSwZlkkED7,1.38E+18,https://pbs.twimg.com/media/Eyq8kuXU4AMA_bn.jpg,,in,,0,0,0,https://x.com/EkoFirman20/status/1381123595137548293,1.34E+18,EkoFirman20
1.37E+18,Fri Mar 19 16:26:25 +0000 2021,0,Merapat ke kabupaten Malang Jatim kecamatan tumpang untuk beroperasi protitusi muncikari di wilayah kami. Dan operasi narkoba . Indonesia darurat narkoba. Mohon di perhatikan.,1.37E+18,,,in,,0,0,0,https://x.com/EkoFirman20/status/1372947579013459968,1.34E+18,EkoFirman20
1.37E+18,Wed Mar 10 16:32:03 +0000 2021,0,Narkoba pembunuh generasi penerus bangsa Masyarakat kabupaten Malang Jatim kecamatan tumpang menunggu BNN beroperasi narkoba di wilayah kami. KEJAHATAN narkoba harus di Brantas tuntas. https://t.co/B3K1vPXkaW,1.37E+18,https://pbs.twimg.com/media/EwIbgZhVEAMNe5h.jpg,,in,,0,0,0,https://x.com/EkoFirman20/status/1369687503939072000,1.34E+18,EkoFirman20
1.37E+18,Wed Mar 10 01:22:14 +0000 2021,0,Merapat ke kabupaten Malang Jatim kecamatan tumpang untuk beroperasi narkoba kurir bandar narkoba ,1.37E+18,,,in,,0,0,0,https://x.com/EkoFirman20/status/1369458541950464002,1.34E+18,EkoFirman20
1.37E+18,Mon Mar 08 13:55:16 +0000 2021,0,BNN Merapat ke Malang Jatim kecamatan tumpang untuk menyisir pengedaran narkoba kurir dan bandar narkoba. Narkoba ini pembunuh generasi penerus bangsa. Narkoba harus di Brantas tutas tas tas tas. https://t.co/v1MCMBDb9c,1.37E+18,https://pbs.twimg.com/media/Ev9kcdhVoAQKsKh.jpg,,in,,0,0,0,https://x.com/EkoFirman20/status/1368923275682717696,1.34E+18,EkoFirman20
1.37E+18,Mon Mar 08 13:37:02 +0000 2021,0,@Lakpesdam_PBNU @saidaqil dan masyarakat Jatim membutuhkan BNN untuk beroperasi narkoba di desa kami. Masyarakat kabupaten Malang Jatim kecamatan tumpang menunggu ketegasan BNN untuk beroperasi narkoba di desa kami . https://t.co/rA9FiGGbOP,1.37E+18,https://pbs.twimg.com/media/Ev9gRWuU8AEo94R.jpg,Lakpesdam_PBNU,in,,0,0,0,https://x.com/EkoFirman20/status/1368918687181238272,1.34E+18,EkoFirman20
1.37E+18,Tue Mar 02 13:13:53 +0000 2021,0,Kami warga Jatim kecamatan tumpang minta bantuan ke tokoh tokoh agama @Lakpesdam_PBNU 212 @saidaqil untuk bersatu mebantu BNN untuk beroperasi narkoba di desa kami wilayah kami kabupaten Malang tumpang narkoba adalah kejahatan internasional mohon bantuannya gencar kan operasi https://t.co/4pDTSu9VBQ,1.37E+18,https://pbs.twimg.com/media/EvehazlUUAY23Jj.jpg,,in,,0,0,0,https://x.com/EkoFirman20/status/1366738531167559680,1.34E+18,EkoFirman20
1.37E+18,Tue Mar 02 12:53:42 +0000 2021,0,Melintir Nya kebla balasan. Kami masyarakat Malang Jatim kecamatan tumpang MEBUTUH KAN BANTUAN Tokoh tokoh agama 212 mas gowang @Lakpesdam_PBNU @saidaqil BNN menekan Brantas narkoba di wilayah kami kabupaten Malang Jatim kecamatan tumpang. Narkoba harus di Brantas. Maaf bang https://t.co/mAxBg1SUyX,1.37E+18,https://pbs.twimg.com/media/EvecygaVcAIUXUS.jpg,,in,,0,0,0,https://x.com/EkoFirman20/status/1366733451211141121,1.34E+18,EkoFirman20
1.37E+18,Tue Mar 02 12:39:01 +0000 2021,0,Ojok banter banter Nek Buat Kalimat. . Nanti banyak yang tahu . Kami masyarakat kabupaten Jatim warga nya Bu @KhofifahIP memohon bantuan ke tokoh agama @saidaqil @Lakpesdam_PBNU 212 mas gowang mebantu menekan BNN untuk beroperasi narkoba Sabu Sabu di wilayah kami https://t.co/UFFYibRLJh,1.37E+18,https://pbs.twimg.com/media/EveZcNxVIAUinK-.jpg,,in,,0,1,0,https://x.com/EkoFirman20/status/1366729758940172293,1.34E+18,EkoFirman20
1.37E+18,Tue Mar 02 12:28:18 +0000 2021,0,Sintennnn PAK Aqil Siradj ??? KAMI MASYARAKAT JATIM KABUPATEN MALANG KECAMATAN TUMPANG SANGAT MEBUTUH KAN BANTUAN @Lakpesdam_PBNU @saidaqil 212 mas gowang tokoh tokoh agama untuk menekan BNN untuk beroperasi narkoba di desa kami. https://t.co/aIh01SqZGX,1.37E+18,https://pbs.twimg.com/media/EveW_QHVEAAWLQP.jpg,,in,,0,0,0,https://x.com/EkoFirman20/status/1366727061516079105,1.34E+18,EkoFirman20
1.37E+18,Tue Mar 02 12:11:58 +0000 2021,0,212 merapat ke Malang Jatim kecamatan tumpang untuk membantu Brantas narkoba bandar kurir. Bersama 212 @saidaqil @Lakpesdam_PBNU masyarakat kecamatan tumpang . BERSATU UNTUK MEMBANTU BNN MEBRANTAS NARKOBA DI KECAMATAN TUMPANG . https://t.co/MzoSbIW5yP,1.37E+18,https://pbs.twimg.com/media/EveTQBeVoAUH00W.jpg,,in,,0,0,0,https://x.com/EkoFirman20/status/1366722949714075653,1.34E+18,EkoFirman20
1.37E+18,Tue Mar 02 11:26:29 +0000 2021,0,@saidaqil @KhofifahIP NU Muhammadiyah tokoh tokoh agama ini berseri keras untuk memohon Ketegasan BNN untuk beroperasi narkoba di kecamatan tumpang JATIM. Bila Pelaku Melawan petugas kepolisian. Polisi BNN tembak di tempat bandar narkoba kurir tersebut. https://t.co/KQYQuFvWKc,1.37E+18,https://pbs.twimg.com/media/EveI2VBVoAIQtJJ.jpg,saidaqil,in,,0,0,0,https://x.com/EkoFirman20/status/1366711502657310723,1.34E+18,EkoFirman20
1.37E+18,Tue Mar 02 11:23:06 +0000 2021,0,@saidaqil @KhofifahIP bersama Muhammadiyah NU Malang Jatim kecamatan tumpang bersepakat untuk memohon Ketegasan BNN untuk beroperasi narkoba Sabu Sabu di wilayah kami kecamatan tumpang. KEJAHATAN narkoba internasional ini harus Brantas . Perusak generasi penerus bangsa Indonesia https://t.co/l2RVSKwXMD,1.37E+18,https://pbs.twimg.com/media/EveIEx2VcAI79ky.jpg,saidaqil,in,,0,0,0,https://x.com/EkoFirman20/status/1366710653826654209,1.34E+18,EkoFirman20
1.37E+18,Tue Mar 02 10:55:32 +0000 2021,0,Masyarakat kecamatan tumpang ketegasan BNN untuk beroperasi narkoba di desa kam Darurat narkoba. Narkoba adalah kejahatan internasional pembunuh generasi penerus bangsa Indonesia. bila ada bandar narkoba melawan . Pihak berwajib melumpuhkan bandar narkoba kurir tersebut. ðŸ‡®ðŸ‡© https://t.co/yZkIdWuF4y,1.37E+18,https://pbs.twimg.com/media/EveBw2qVoAYATbE.jpg,,in,,0,0,0,https://x.com/EkoFirman20/status/1366703717047627776,1.34E+18,EkoFirman20
1.36E+18,Thu Feb 04 10:29:50 +0000 2021,0,Bravo BNN tangkap bandar narkoba kurir pemakek. Masyarakat sangat membutuhkan ketegasan BNN untuk beroperasi di wilayah kami kabupaten Malang Jatim kecamatan tumpang menunggu BNN. Di desa kami. https://t.co/gXU0DdQRqZ,1.36E+18,https://pbs.twimg.com/media/EtYCi32VEAM1PIL.jpg,,in,,0,0,0,https://x.com/EkoFirman20/status/1357275164379996166,1.34E+18,EkoFirman20
1.36E+18,Wed Feb 03 14:54:41 +0000 2021,0,Masyarakat membutuhkan BNN untuk beroperasi di Malang Jawa timur kecamatan tumpang desa kami untuk mebrantas pengedaran narkoba kurir dan bandara. Masyarakat menunggu ketegasan BNN tangkap bandar narkoba kurir di desa kami. https://t.co/GPUwNB9mbn,1.36E+18,https://pbs.twimg.com/media/EtT1kT7VoA0jzAL.jpg,,in,,0,0,0,https://x.com/EkoFirman20/status/1356979428815900672,1.34E+18,EkoFirman20
1.35E+18,Mon Jan 11 15:48:47 +0000 2021,0,KEJAHATAN narkoba sudah biadab. Bravo BNN tangkap bandar narkoba kurir. Merapat ke kabupaten Malang Jatim kecamatan tumpang menunggu ketegasan BNN untuk beroperasi di wilayah kami. https://t.co/ETYpqIfrHj,1.35E+18,https://pbs.twimg.com/media/ErdlY-cU0AAW-5d.jpg,,in,,0,0,0,https://x.com/EkoFirman20/status/1348658119400857607,1.34E+18,EkoFirman20
1.35E+18,Sun Jan 10 08:25:50 +0000 2021,0,BNN Merapat ke Jatim kecamatan tumpang untuk beroperasi narkoba jenis sabu sabu. Masyarakat Bersama bersatu BNN mebrantas narkoba di desa kami. https://t.co/rhHhalxFl6,1.35E+18,,,in,,0,0,0,https://x.com/EkoFirman20/status/1348184262357315586,1.34E+18,EkoFirman20
1.35E+18,Sun Jan 03 14:06:52 +0000 2021,0,Racun narkoba masyarakat harus di hancur kan . Masyarakat Jatim kecamatan tumpang menunggu ketegasan BNN untuk beroperasi narkoba di desa kami. Racun masyarakat narkoba harus di Brantas hancur kan. https://t.co/0Xd5Gh0WH3,1.35E+18,https://pbs.twimg.com/media/Eq0BSoRUcAA3xUp.jpg,,in,,0,0,0,https://x.com/EkoFirman20/status/1345733370181943297,1.34E+18,EkoFirman20
1.34E+18,Tue Dec 29 15:32:23 +0000 2020,0,Kami masyarakat Malang Jatim kecamatan tumpang menunggu ketegasan BNN untuk beroperasi narkoba di desa kami memohon. Masyarakat sehat Tampa narkoba. https://t.co/QBGQRQx8c4,1.34E+18,https://pbs.twimg.com/media/Eqak7lJUYAArWa3.jpg,,in,,0,0,0,https://x.com/EkoFirman20/status/1343942952570130432,1.34E+18,EkoFirman20
1.34E+18,Mon Dec 14 14:34:30 +0000 2020,0,Kejahatan narkoba mematikan ini hampir sama pembunuh yang sangat sadis . HAM. Masyarakat kabupaten Malang Jatim kecamatan tumpang menunggu ketegasan BNN untuk beroperasi narkoba di desa kami. HAM HAM HAM. Narkoba pembunuh yang sadis. https://t.co/K43y0kAGxZ,1.34E+18,https://pbs.twimg.com/media/EpNH3_3VoAYDnB3.jpg,,in,,0,0,0,https://x.com/EkoFirman20/status/1338492568271634439,1.34E+18,EkoFirman20
1.34E+18,Mon Dec 14 14:30:28 +0000 2020,2,Narkoba racun masyarakat . Mematikan .masyarakat kabupaten Malang Jatim kecamatan tumpang menunggu ketegasan BNN untuk Brantas narkoba di desa kami. https://t.co/HgyIWUeBnf,1.34E+18,https://pbs.twimg.com/media/EpNG744VQAAF0D3.jpg,,in,,0,0,0,https://x.com/EkoFirman20/status/1338491551190667269,1.34E+18,EkoFirman20
1.26E+18,Wed May 06 10:20:01 +0000 2020,0,Satuan Reserse Narkoba (Satreskoba) Polresta Malang Kota menangkap seorang bandar dan kurir narkoba. Keduanya kedapatan menyimpan dan memiliki sabu serta pil happy five yang siap https://t.co/BNM0F5QFhY,1.26E+18,,,in,,0,0,0,https://x.com/malpostonline/status/1257978416856514560,9.86E+17,malpostonline
1.25E+18,Sat Apr 18 07:30:05 +0000 2020,0,Selain kasus kriminalitas Polres Batu juga pamer hasil ungkap narkoba. Sebanyak sembilan kasus narkotika dengan 12 tersangka berhasil diungkap. Pengungkapan kasus tersebut selama sebulan mulai 26 Februari hingga https://t.co/30FXnOMiAB,1.25E+18,,,in,,0,0,0,https://x.com/malpostonline/status/1251412671045533697,9.86E+17,malpostonline
1.25E+18,Wed Apr 15 12:09:03 +0000 2020,0,SBS 45 warga Janti Kecamatan Sukun Kota Malang harus menghentikan aksinya menjadi pengguna narkoba. Sebab tabiatnya tersebut terendus polisi. Akhirnya ia ditangkap di rumahnya pada Sabtu (4/4) sekitar pukul https://t.co/lAnp8kfEIo,1.25E+18,,,in,,0,0,0,https://x.com/malpostonline/status/1250395711537020929,9.86E+17,malpostonline
1.25E+18,Wed Apr 15 11:07:01 +0000 2020,0,Satuan Reserse Narkoba (Satreskoba) berhasil menangkap pengedar narkoba jenis sabu dan inex. Penangkapan tersebut bermula dari penangkapan seorang kurir berinisial RD pada Senin (6/4) lalu. Kapolresta Malang Kota https://t.co/XE6JDOt08y,1.25E+18,,,in,,0,0,0,https://x.com/malpostonline/status/1250380099809132544,9.86E+17,malpostonline
1.25E+18,Fri Apr 10 08:33:11 +0000 2020,0,Satuan Reserse Narkoba (Satreskoba) Polresta Malang kota berhasil menangkap seorang kurir sabu. Pria yang berinisial RD 27 warga Jalan Ahmad Yani Kecamatan Blimbing Kota Malang itu nekat mengantar barang haram https://t.co/ZOWhLjW9Lq,1.25E+18,,,in,,0,0,0,https://x.com/malpostonline/status/1248529448107999232,9.86E+17,malpostonline
1.24E+18,Thu Mar 19 09:50:19 +0000 2020,0,Satuan Reserse Narkoba (Satreskoba) Polresta Malang Kota berhasil menangkap satu jaringan narkotika jenis sabu. Diketahui barang haram tersebut didapat dari jaringan pengedar narkoba di Lapas Madiun. Dalam kasus https://t.co/xamyAPeOw4,1.24E+18,,,in,,0,0,0,https://x.com/malpostonline/status/1240576324915380224,9.86E+17,malpostonline
1.69E+18,Tue Aug 22 05:06:44 +0000 2023,3,Kepala Kantor OJK Malang Sugiarto Kasmuri menyebut selama beberapa tahun terakhir laporan terkait kejahatan siber yang masuk ke pihaknya baru satu. Yakni yang dialami pengusaha asal Malang. Pengusaha itu rugi sampai Rp 1 4 miliar. Selengkapnya : https://t.co/mzTAVzSr5w https://t.co/a5hwiDbdof,1.69E+18,https://pbs.twimg.com/media/F4HFkz8aIAAtvIg.jpg,,in,"Jalan Kawi 11B, Kota Malang",0,0,0,https://x.com/radar_malang/status/1693852177524216031,528590547,radar_malang
1.26E+18,Thu May 14 07:08:29 +0000 2020,0,Kamis (14/5) pagi warga yang tinggal di dekat Velodrome Kota Malang heboh dengan aksi jambret. Untung aksi kejahatan jalanan tersebut diketahui dan pelakunya memilih lari. Beberapa orang tetap mengejarnya dan https://t.co/0KpZ93LRYf,1.26E+18,,,in,,0,0,0,https://x.com/malpostonline/status/1260829320269844480,9.86E+17,malpostonline
1.26E+18,Fri May 08 07:50:39 +0000 2020,0,Peristiwa kriminalitas menjadi atensi khusus selama pandemi Covid-19. Jika sebelumnya di wilayah Kecamatan Lowokwaru Kota Malang didominasi oleh kejahatan pencurian kendaraan bermotor (curanmor) saat ini justru https://t.co/6MrU9mmWlY,1.26E+18,,,in,,0,0,0,https://x.com/malpostonline/status/1258665602471923713,9.86E+17,malpostonline
1.38E+18,Sun Apr 11 05:54:59 +0000 2021,0,Narkoba racun masyarakat Generasi penerus bangsa harus di selamat Dari kejahatan racun narkoba BRAVO BNN untuk beroperasi narkoba di wilayah kami kabupaten Malang Jatim kecamatan tumpang https://t.co/uSwZlkkED7,1.38E+18,https://pbs.twimg.com/media/Eyq8kuXU4AMA_bn.jpg,,in,,0,0,0,https://x.com/EkoFirman20/status/1381123595137548293,1.34E+18,EkoFirman20
1.38E+18,Mon Apr 05 05:14:40 +0000 2021,0,Kejahatan predator narkoba/ bandar narkoba kurir harus di Brantas untuk wilayah kabupaten Malang Jatim kecamatan tumpang desa2. Banyak tuduhan tuduhan Tampa Bukti yang menyasar kemasyarakat yang tidak pernah ngelakuin kejahatan. Kejahatan predator narkoba harus segera Brantas https://t.co/gva7R44Wo9,1.38E+18,https://pbs.twimg.com/media/EyL5zTuVIAEQHl-.jpg,,in,,0,0,0,https://x.com/EkoFirman20/status/1378939120324550658,1.34E+18,EkoFirman20
Tue Jan 31 10:57:03 +0000 2023,1.62E+18,,Polisi Tetapkan 7 Tersangka Demo Ricuh di Kantor Arema FC: Polresta Malang Kota telah menetapkan 7 tersangka pelaku demo ricuh di Kantor Arema FC pada Minggu (29/1/2023).Â  ... https://t.co/KDB2tHbGrc #beritabaik #timesindonesia #ketahananinformasi,0,0,0,in,1.05E+18,1.62E+18,timescoid,https://twitter.com/timescoid/status/1620375601873055744,,,
Fri Dec 08 05:56:07 +0000 2023,1.73E+18,,Polisi berhasil menangkap seorang petani yang bernama paiman (49) warga Dusun Bumirejo Desa Bumirejo Kecamatan Dampit Kabupaten Malang yang tega melakukan aksi pemerkosaan terhadap anak tetangganya yang masih berusia 14 Tahun. @infomalang @yusufgunawan,3,4,4,in,1.50E+18,1.73E+18,BlokaMedia,https://twitter.com/BlokaMedia/status/1733002495293796783,,,
Fri Jul 15 18:38:15 +0000 2022,1.55E+18,,Ada laka lantas persis setelah gapura kacuk kebonagung. Korban tidak sadarkan diri tergeletak di jalan dengan kondisi kepala mengucurkan darah. Korban mengendarai vario putih. 1.20 dini hari @infomalang sudah ada polisi.,0,2,1,in,623342333,1.55E+18,RoySyamdika,https://twitter.com/RoySyamdika/status/1548014092446679041,,,
Sun Jan 29 14:41:06 +0000 2023,1.62E+18,,Polisi Amankan 107 Massa Aksi Demo Ricuh di Kantor Arema FC: Kami Polresta menyayangkan adanya penyerangan terhadap kantor Arema FC,,,,,,,,,,,
1.67E+18,Tue Jun 27 02:32:42 +0000 2023,10,Penyelidikan pembunuhan terhadap Krisnael Murri 24 mahasiswa Unitri terus berjalan. Sampai kemarin (26/6) polisi belum mengamankan terduga pelakunya. Kami masih melakukan pengejaran kata Kasat Reskrim Polres Malang Iptu Wahyu Risky Saputro.,1.67E+18,,,in,"Jalan Kawi 11B, Kota Malang",0,1,2,https://x.com/radar_malang/status/1673519695927087104,528590547,radar_malang
1.71E+18,Thu Oct 19 06:41:55 +0000 2023,1,DN korban penganiayaan asal Buring Malang dapat tawaran kunjungan gratis ke Jatim Park. Sebelumnya DN memang curhat ke Kasatreskrim @polrestamakota ingin wisata ke Jatim Park. Manajemen Jatim Park siap mengajak DN bila kondisi kesehatannya membaik. https://t.co/fOFdLhBGLQ https://t.co/DiQUqrBOmS,1.71E+18,https://pbs.twimg.com/media/F8yHj-UboAAtwSp.jpg,,in,"Jalan Kawi 11B, Kota Malang",0,0,0,https://x.com/radar_malang/status/1714894631371194805,528590547,radar_malang
1.29E+18,Fri Aug 14 09:22:40 +0000 2020,0,Diduga Korban Penganiayaan Polisi Bongkar Makam di Malang Satreskrim Polresta Malang Kota membongkar sebuah makam di Tempat Pemakaman Umum (TPU) Janti Kecamatan Sukun Kota Malang. Pembongkaran dilakukan untuk https://t.co/org6LjmkpS,1.29E+18,,,in,"Malang, Jawa Timur",0,0,0,https://x.com/tugumalang_id/status/1294202770149515269,535213390,tugumalang_id
1.25E+18,Thu Apr 09 02:56:19 +0000 2020,0,Tidak butuh waktu lama bagi polisi mengungkap pelaku penganiayaan terhadap Nikmatus Solihah 16 gadis berkebutuhan khusus (bisu dan tuli). Selasa (8/4) dini hari Unit Reskrim Polsek Gondanglegi bersama Tim Buser https://t.co/TXm4p6t6ES,1.25E+18,,,in,,0,0,0,https://x.com/malpostonline/status/1248082282956627969,9.86E+17,malpostonline
1.24E+18,Wed Mar 18 03:42:07 +0000 2020,0,Khoirul Salam 40 warga Jalan Panderman Kecamatan Junrejo Kota Batu mendatangi Polresta Malang Kota Sabtu (14/3). Pria berprofesi sebagai pengemudi ojek online (Ojol) ini melaporkan penganiayaan yang dialaminya. https://t.co/Qj65l9XxIH,1.24E+18,,,in,,0,0,0,https://x.com/malpostonline/status/1240121279254016002,9.86E+17,malpostonline
1.25E+18,Sun Apr 19 08:38:24 +0000 2020,0,Polresta Malang Kota bersama polsek jajaran terus berupaya untuk mengungkap kasus pencurian kendaraan bermotor (curanmor). Belum lama ini Polsek Lowokwaru berhasil menangkap satu pelaku curanmor yang dilakukan di https://t.co/pX2poJgsei,1.25E+18,,,in,,0,0,0,https://x.com/malpostonline/status/1251792249467408385,9.86E+17,malpostonline
1.25E+18,Sat Apr 18 07:28:51 +0000 2020,1,Polres Batu pamer tangkapan. Selama kurun waktu sebulan berhasil mengungkap lima kasus pencurian dengan tujuh tersangka. Dua diantaranya adalah pasangan suami istri (Pasutri). Hasil ungkap kasus tersebut dibeber https://t.co/4OTIlwecBn,1.25E+18,,,in,,0,0,0,https://x.com/malpostonline/status/1251412361761574912,9.86E+17,malpostonline
1.25E+18,Mon Apr 13 12:58:26 +0000 2020,0,Satuan Reserse Kriminal (Satreskrim) Polresta Malang Kota bergerak cepat dalam mengungkap kasus pencabulan anak di bawah umur. WH alias Skamet Hariyadi 33 tak berdaya ketika digelandang polisi Senin (13/4). Ia https://t.co/UaQ7AhihQT,1.25E+18,,,in,,0,0,0,https://x.com/malpostonline/status/1249683364380053506,9.86E+17,malpostonline
1.25E+18,Thu Apr 02 23:28:11 +0000 2020,0,Hanya butuh waktu sepekan bagi Unit Reskrim Polsek Wagir mengungkap kasus pencurian motor yang terjadi di Jalan Raya Bandulan Barat Kelurahan Pandanlandung Kecamatan Wagir. Selasa (31/3) lalu polisi berhasil https://t.co/kOOpxWMYjp,1.25E+18,,,in,,0,0,0,https://x.com/malpostonline/status/1245855579953713153,9.86E+17,malpostonline
1.24E+18,Tue Mar 31 12:56:35 +0000 2020,0,Polsek Lowokwaru berhasil mengungkap kasus pencurian ponsel dan laptop. Tersangka ditangkap polisi setelah tertangkap basah oleh warga ketika melakukan aksinya di kawasan Jalan Joyo Raharjo Kecamatan Lowokwaru https://t.co/rsDZADiYuD,1.24E+18,,,in,,0,0,0,https://x.com/malpostonline/status/1244971853719810049,9.86E+17,malpostonline
1.24E+18,Tue Mar 31 08:53:41 +0000 2020,1,Polsek Lowokwaru berhasil mengungkap kasus pencurian ponsel dan laptop. Tersangka ditangkap polisi setelah tertangkap basah oleh warga ketika melakukan aksinya di kawasan Jalan Joyo Raharjo Kecamatan Lowokwaru https://t.co/P6kZCB4A7E,1.24E+18,,,in,,0,0,0,https://x.com/malpostonline/status/1244910729704157184,9.86E+17,malpostonline
1.60E+18,Fri Dec 02 10:46:51 +0000 2022,12,Kamis 1/12/22 Siang Terjadi pencurian HP yg di cas pemiliknya di Teras Masjid Jami Blimbing Mlg. Pelaku Baju Hitam Korban baju merah sempat Tertidur Di samping Pilar masjid. Memanfaatkan Kesempatan Perlaku berhasil mengambil HP korban dengan Cepat. @infomalang @cityguide911fm https://t.co/ZL5kNQBEQ7,1.60E+18,https://pbs.twimg.com/ext_tw_video_thumb/1598629674305081345/pu/img/sFaWjx2zf4Xi3nDC.jpg,,in,,0,1,12,https://x.com/septiyan231010/status/1598629766055485440,569816441,septiyan231010
1.30E+18,Tue Sep 01 11:41:38 +0000 2020,0,Begini Kondisi Korban Penembakan ATM Mandiri di Malang Aksi percobaan pencurian dengan kekerasan (curas) terjadi di ATM Mandiri di Jalan Kawi Kecamatan Klojen Kota Malang pada Senin malam (31/8/2020). https://t.co/GtA8y0cb0T,1.30E+18,,,in,"Malang, Jawa Timur",0,0,0,https://x.com/tugumalang_id/status/1300760723132424192,535213390,tugumalang_id
1.25E+18,Sat Apr 18 07:28:51 +0000 2020,1,Polres Batu pamer tangkapan. Selama kurun waktu sebulan berhasil mengungkap lima kasus pencurian dengan tujuh tersangka. Dua diantaranya adalah pasangan suami istri (Pasutri). Hasil ungkap kasus tersebut dibeber https://t.co/4OTIlwecBn,1.25E+18,,,in,,0,0,0,https://x.com/malpostonline/status/1251412361761574912,9.86E+17,malpostonline
1.25E+18,Fri Apr 17 05:43:06 +0000 2020,0,Kawasan Kecamatan Kedungkandang rupanya menjadi sasaran empuk kawanan pelaku curanmor. Dalam waktu tiga hari dua kali kejadian pencurian motor. Mirisnya lagi sekali beraksi dua motor langsung raib. Sehingga total https://t.co/WKfCwDvaFU,1.25E+18,,,in,,0,0,0,https://x.com/malpostonline/status/1251023359867002880,9.86E+17,malpostonline
1.25E+18,Wed Apr 15 01:46:55 +0000 2020,0,Warga Desa Dadaprejo Kecamatan Junrejo Kota Batu berhasil meringkus pelaku curanmor yang tengah beraksi di sebuah warung Selasa (14/4) malam sekitar pukul 20.30 WIB. .... Selengkapnya cek instastory dan swipe https://t.co/HXy14vGASR,1.25E+18,,,in,,0,0,0,https://x.com/malpostonline/status/1250239147723366402,9.86E+17,malpostonline
1.25E+18,Tue Apr 14 06:41:36 +0000 2020,0,Kawasan Perum Grand Family Segaran menjadi sasaran pencurian. Terbaru Senin (13/4) siang rumah dari Fahmi Prasetyo 27 penghuni kavling 20 RT 04 RW 09 Segaran Kendalpayak Pakisaji disatroni maling. Perhiasan https://t.co/8nIyOMOfmS,1.25E+18,,,in,,0,0,0,https://x.com/malpostonline/status/1249950918742695936,9.86E+17,malpostonline
1.25E+18,Mon Apr 13 15:29:14 +0000 2020,0,sawojajar dah redzone corona masih aja ada curanmor fakkkk,1.25E+18,,,in,"Jember, Jawa Timur",0,1,0,https://x.com/bukanjakaa/status/1249721315331731459,1.12E+18,bukanjakaa
1.25E+18,Sun Apr 12 14:46:35 +0000 2020,0,Seorang pelaku pencurian kendaraan bermotor Faizal 53 warga Poncokusumo Kabupaten Malang bersimbah darah dihajar massa. Residivis pencurian kendaraan bermotor (curanmor) ini tertangkap basah oleh warga ketika https://t.co/C8lAtpnncH,1.25E+18,,,in,,0,0,0,https://x.com/malpostonline/status/1249348193445457920,9.86E+17,malpostonline
1.25E+18,Mon Apr 06 10:01:23 +0000 2020,0,Pelaku pencurian kendaraan bermotor (curanmor) spesialis rumah kontrakan kembali beraksi di wilayah hukum Polresta Malang Kota. Mereka lagi-lagi memanfaatkan celah ketika sang pemilik sedang lengah dan meninggalkan https://t.co/b2XxMQOWjO,1.25E+18,,,in,,0,0,0,https://x.com/malpostonline/status/1247102092688457729,9.86E+17,malpostonline
1.25E+18,Thu Apr 02 23:28:11 +0000 2020,0,Hanya butuh waktu sepekan bagi Unit Reskrim Polsek Wagir mengungkap kasus pencurian motor yang terjadi di Jalan Raya Bandulan Barat Kelurahan Pandanlandung Kecamatan Wagir. Selasa (31/3) lalu polisi berhasil https://t.co/kOOpxWMYjp,1.25E+18,,,in,,0,0,0,https://x.com/malpostonline/status/1245855579953713153,9.86E+17,malpostonline
1.24E+18,Tue Mar 31 12:56:35 +0000 2020,0,Polsek Lowokwaru berhasil mengungkap kasus pencurian ponsel dan laptop. Tersangka ditangkap polisi setelah tertangkap basah oleh warga ketika melakukan aksinya di kawasan Jalan Joyo Raharjo Kecamatan Lowokwaru https://t.co/rsDZADiYuD,1.24E+18,,,in,,0,0,0,https://x.com/malpostonline/status/1244971853719810049,9.86E+17,malpostonline
1.24E+18,Tue Mar 31 08:53:41 +0000 2020,1,Polsek Lowokwaru berhasil mengungkap kasus pencurian ponsel dan laptop. Tersangka ditangkap polisi setelah tertangkap basah oleh warga ketika melakukan aksinya di kawasan Jalan Joyo Raharjo Kecamatan Lowokwaru https://t.co/P6kZCB4A7E,1.24E+18,,,in,,0,0,0,https://x.com/malpostonline/status/1244910729704157184,9.86E+17,malpostonline
1.24E+18,Fri Mar 27 06:21:13 +0000 2020,0,Pelaku pencurian kendaraan bermotor (curanmor) kembali beraksi di wilayah tempat kos. Kali ini peristiwa tersebu terjadi di kawasan Jalan Ahmad Yani Kecamatan Blimbing Kota Malang. Aksi pelaku tersebut sempat https://t.co/LMmkLL1VeJ,1.24E+18,,,in,,0,0,0,https://x.com/malpostonline/status/1243422804894072834,9.86E+17,malpostonline
1.24E+18,Tue Mar 24 00:42:26 +0000 2020,0,Aksi curanmor di Kota Malang masih belum mereda. Buktinya dua kejadian pencurian motor kembali terjadi pada sepekan terakhir. Pertama di Jalan Bantaran V Kelurahan Tulusrejo Kecamatan Lowokwaru. Sedangkan kedua di https://t.co/ebFQJkj8Jt,1.24E+18,,,in,,0,0,0,https://x.com/malpostonline/status/1242250386959765504,9.86E+17,malpostonline
1.24E+18,Tue Mar 10 13:49:52 +0000 2020,0,Polisi lagi-lagi dikerjai pelaku curanmor. Kawanan ini kembali beraksi Senin (9/3) sore. Kali ini aksinya di sebuah tempat kos mahasiswa Jalan Mayjend Panjaitan Kecamatan Klojen. Pelaku membawa kabur motor Honda https://t.co/Elc0CaUOV6,1.24E+18,,,in,,0,0,0,https://x.com/malpostonline/status/1237375120479567872,9.86E+17,malpostonline
1.24E+18,Tue Mar 10 13:35:58 +0000 2020,0,Pencurian helm kembali terjadi di Kota Malang. Setelah terjadi di parkiran kafe yang terletak di Jalan Mundu Kecamatab Klojen kali ini terjadi di parkiran sebuah kampus. Aksi pencurian helm tersebut terekam kamera https://t.co/rVcwdajz4s,1.24E+18,,,in,,0,0,0,https://x.com/malpostonline/status/1237371622400692224,9.86E+17,malpostonline
1.23E+18,Tue Mar 03 08:55:45 +0000 2020,0,Pelaku pencurian kendaraan bermotor tak berhenti beraksi. Kali ini terjadi di Jalan Ir. H. Juanda Kelurahan Jodipan Kota Malang. Selama hampir satu bulan sudah ada tiga sepeda motor milik warga yang raib dibawa https://t.co/02WgikL55t,1.23E+18,,,in,,0,0,0,https://x.com/malpostonline/status/1234764388789366789,9.86E+17,malpostonline
1.23E+18,Mon Feb 24 05:28:05 +0000 2020,11,Sekedar mengingatkan yg suka belanja di Metro swalayan untuk lebih berhati-hati klo naroh barang &amp; helm dimotor lagi marak pencurian bahkan nasi bungkus aja di embat klo yg baru kejadian di Metro sigura-gura samping masjid Muhajirin @infomalang,1.23E+18,,,in,"Malang, Jawa Timur",4,4,9,https://x.com/Mmaayyyy31/status/1231813023368503296,1418046738,Mmaayyyy31
1.23E+18,Fri Feb 07 22:35:31 +0000 2020,3,Polresta Malang Kota Tangkap 4 Pelaku Spesialis Curanmor https://t.co/L7cH9ByFe5 @HumasMakota @PidMakota https://t.co/zS5JCLEpT3,1.23E+18,https://pbs.twimg.com/media/EQNPi_rUcAIhVyq.jpg,,in,Malang,0,0,0,https://x.com/RRIMalang/status/1225910993353506817,1371191090,RRIMalang
1.20E+18,Mon Dec 02 16:39:55 +0000 2019,19,Pencurian di jalan kendalsari 3 no 86. Barang yang di curi adalah laptop yang jadi masalah file skripsi teman Saya Ada di dalam mohon bantuannya kawan2 barang kali pernah liat atau kenal orang nya bisa DM saya. Mohon bantu sebarkan @UB_Official @EM_UBOfficial https://t.co/ml0FhHsYch,1.20E+18,https://pbs.twimg.com/ext_tw_video_thumb/1201540878457720833/pu/img/62UVyV2fsFJdTtfe.jpg,,in,Medan,0,2,35,https://x.com/ElkanaArioze/status/1201541516079976449,715875085,ElkanaArioze
1.12E+18,Thu May 02 10:46:52 +0000 2019,25,Tampak pelaku pencurian di masjid al falah malang sedang diamankan dengan polisi setempat. @infomalang https://t.co/5WxWUktc6C,1.12E+18,https://pbs.twimg.com/ext_tw_video_thumb/1123901584893722625/pu/img/reLE_6sGxi2GmjUZ.jpg,,in,Indonesia,10,16,30,https://x.com/ocidbacit/status/1123901662530342913,857501780,ocidbacit
9.82E+17,Fri Apr 06 21:29:00 +0000 2018,6,Mohon bantu share min. Barusan terjadi curanmor lokasi di Ds. Gondowangi wagir. Sepeda motor FU nopol N 3465 IO an. Rizal Fatchurohman. Mohon bantuannya. Wa di 082234821207 cc @SeputarMalang @infomalangraya @infomalang @infomalangnet https://t.co/wsKWuywJk9,9.82E+17,https://pbs.twimg.com/media/DaIT8QRU8AAKd1a.jpg,,in,Malang,0,2,16,https://x.com/rubiniangga/status/982369606756020229,403155493,rubiniangga
1.74E+18,Wed Jan 10 03:25:33 +0000 2024,2,Kejaksaan Negeri (Kejari) Kota Batu menetapkan 2 tersangka baru dalam kasus korupsi Puskesmas Bumiaji Selasa (9/1). Dua tersangka tersebut adalah Kepala Dinas Kesehatan (Dinkes) Kota Batu Kartika Trisulandari dan dari pihak swasta Abdul Khanif. BACA: https://t.co/bPir29Kyyr,1.74E+18,,,in,"Jalan Kawi 11B, Kota Malang",0,0,0,https://x.com/radar_malang/status/1744923404757782803,528590547,radar_malang
1.74E+18,Tue Jan 02 08:35:42 +0000 2024,2,Satreskrim Polresta Malang Kota menegaskan tersangka pembunuhan dan mutilasi istri sendiri James melakukan perbuatannya dengan sadar. https://t.co/Ep212zgHO4,1.74E+18,https://pbs.twimg.com/media/GC0wa2RbwAE79EG.jpg,,in,"Jalan Kawi 11B, Kota Malang",0,1,3,https://x.com/radar_malang/status/1742102353153827121,528590547,radar_malang
1.37E+18,Tue Mar 16 11:26:43 +0000 2021,1,Polsek terdekat Polsek Polsek terdekat Polsek Polsek terdekat. Tangkap pelaku ujar KEBENCIAN. Sebelum menyebar luas. Ini punya orang tua apa tidak sih. Bravo Polsek Polsek Polsek Polsek Polsek Polsek Polsek Polsek Polsek Polsek Polsek Polsek Polsek Polsek Polsek Polsek terdekat,1.37E+18,,,in,,0,0,1,https://x.com/EkoFirman20/status/1371784994532720643,1.34E+18,EkoFirman20
1.37E+18,Mon Mar 15 12:38:58 +0000 2021,0,Masyarakat kabupaten Malang Jatim kecamatan tumpang memohon kepolisian @DivHumas_Polri Untuk beroperasi Pelaku protitusi muncikari. https://t.co/R8mdx9H0JJ,1.37E+18,,,in,,0,0,0,https://x.com/EkoFirman20/status/1371440787624370176,1.34E+18,EkoFirman20
1.36E+18,Thu Feb 18 12:40:24 +0000 2021,0,Bravo polisi kejar pelaku pembunuh ibu dan anak. Polsek Polsek Polsek Polsek Polsek Polsek Polsek Polsek Polsek Polsek Polsek Polsek Polsek Polsek Polsek Polsek Polsek Polsek terdekat Babinsa mohon di bantu 2 korban tewas ibu dan anak Nya. Bravo polisi kejar pelaku pembunuh.. https://t.co/BXDY4ofETF,1.36E+18,https://pbs.twimg.com/media/EugmszkVkAQnYJ3.jpg,,in,,0,0,0,https://x.com/EkoFirman20/status/1362381451757379586,1.34E+18,EkoFirman20
1.35E+18,Fri Jan 22 11:48:58 +0000 2021,0,BRAVO POLISI kasih sangsi yang tegas.pelaku biadab cekok i bayi masih umur 4 bulan.,1.35E+18,,,in,,0,0,0,https://x.com/EkoFirman20/status/1352584034463834113,1.34E+18,EkoFirman20
1.36E+18,Fri Jan 29 12:52:29 +0000 2021,3,@PKedungkandang @LalinNews @infomalang @Senaputra_FM @malangvoice @bpbd_malangkota @kedungkandang01 Terus kelanjutannya gimana?? Harus ada yg bertanggung jawab terkait pemukulan tsb. Pelaku harus ditahan karena sudah melakukan penganiayaan. Protes boleh marah boleh tapi kepala harus tetap dingin. Jangan terus seenaknya saja main hakim sendiri. ,1.36E+18,,PKedungkandang,in,"Kota Malang, Jawa Timur",0,0,1,https://x.com/ArnandoFernando/status/1355136733742944268,2942488856,ArnandoFernando
1.35E+18,Fri Jan 15 15:02:46 +0000 2021,0,Bravo Polsek terdekat untuk menangkal pelaku pembunuh bayi.,1.35E+18,,,in,"Kota Malang, Jawa Timur",0,0,0,https://x.com/EkoFirman20/status/1350096090557607937,1.34E+18,EkoFirman20
1.27E+18,Wed May 27 12:31:51 +0000 2020,0,Pelaku pencurian kendaraan bermotor (curanmor) kembali beraksi di wilayah hukum Kota Malang. Kali ini mereka menyasar perkampungan warga yang terletak di Jalan Prof. Muh. Yamin V Kecamatan Klojen Kota https://t.co/h0xYaaDuhJ,1.27E+18,,,in,,0,0,0,https://x.com/malpostonline/status/1265621738408349696,9.86E+17,malpostonline
1.26E+18,Wed May 20 08:37:28 +0000 2020,0,Pelaku pencurian kendaraan bermotor kembali beraksi. Sebuah sepeda motor Honda CB 150 R raib digondol maling. Peristiwa itu diketahui terjadi pada Selasa (19/5) di halaman sebuah kantor yang terletak di Jalan MT. https://t.co/OduUZyCFro,1.26E+18,,,in,,0,0,0,https://x.com/malpostonline/status/1263026041033052160,9.86E+17,malpostonline
1.26E+18,Mon May 18 08:46:03 +0000 2020,0,Pelaku pencurian tidak hanya menyasar kendaraan bermotor saja. Namun juga barang berharga lain milik warga. Seperti yang terjadi di Jalan Segawe Kelurahan Bandung Rejosari Kecamatan Sukun Kota Malang sebuah https://t.co/0muqtmNcrX,1.26E+18,,,in,,0,0,0,https://x.com/malpostonline/status/1262303423279423488,9.86E+17,malpostonline
1.26E+18,Mon May 18 06:06:21 +0000 2020,0,Pelaku Pembunuhan Gadis Cantik di Malang Terjerat UU Perlindungan Anak Kasus HYS (17) pelaku pembunuhan AL (17) telah dilimpahkan pada Unit Perlindungan Perempuan dan Anak (PPA) Polres Malang. Mengingat korban https://t.co/mbzjfs9NYT,1.26E+18,,,in,"Malang, Jawa Timur",0,0,0,https://x.com/tugumalang_id/status/1262263235920760832,535213390,tugumalang_id
1.26E+18,Mon May 18 05:23:16 +0000 2020,0,Satreskrim Polres Malang melanjutkan penyidikan kasus pembunuhan remaja putri di Sipon pintu air Kali Metro Talangagung Kepanjen. Sampai saat ini tersangka HYS atau Gamber 17 warga Talangagung Kepanjen masih https://t.co/pGPholxkug,1.26E+18,,,in,,0,0,0,https://x.com/malpostonline/status/1262252392877363201,9.86E+17,malpostonline
1.26E+18,Thu May 14 07:15:42 +0000 2020,0,Pelaku pencurian kendaraan bermotor (curanmor) kembali beraksi di wilayah hukum Kota Malang yang kini lagi gencar memerangi curanmor. Bahkan aksi pelaku sempat terekam kamera pengintai dan viral di media sosial https://t.co/3Pwnf1RiO6,1.26E+18,,,in,,0,0,0,https://x.com/malpostonline/status/1260831135346634752,9.86E+17,malpostonline
1.26E+18,Wed May 13 06:38:05 +0000 2020,0,Pelaku pencurian kendaraan bermotor (curanmor) kembali beraksi. Kali ini mereka beraksi di kawasan Jalan Bunga Cengkeh Kecamatan Lowokwaru Kota Malang di salah satu tempat service ponsel. Perisitiwa itu terjadi https://t.co/hyxBSb0qlD,1.26E+18,,,in,,0,0,0,https://x.com/malpostonline/status/1260459281981362182,9.86E+17,malpostonline
1.26E+18,Tue May 12 08:11:41 +0000 2020,0,Aksi pelaku pencurian yang terekam kamera pengintai kembali terjadi. Pencurian yang dilakukan pada Senin (11/5) tersebut sempat viral di media sosial Facebook. Korban pencurian Ratih 20 warga Kelurahan Lesanpuro https://t.co/mYT9ssNI8v,1.26E+18,,,in,,0,0,0,https://x.com/malpostonline/status/1260120450455265280,9.86E+17,malpostonline
1.26E+18,Mon May 11 19:10:32 +0000 2020,0,Pelaku pembacokan balita di Dusun Krajan Desa Kasembon Bululawang Sudi 40 memiliki latar belakang kejiwaan yang bermasalah. Penyelidikan Polsek Bululawang menegaskan bahwa pelaku memang sakit jiwa sejak lama. https://t.co/cVMfsw60kB,1.26E+18,,,in,,0,1,0,https://x.com/malpostonline/status/1259923866207416324,9.86E+17,malpostonline
1.26E+18,Sat May 09 14:25:45 +0000 2020,0,Sampai malam petugas kepolisian masih melakukan penyelidikan kasus percobaan pembunuhan yang dilakukan tersangka Choirul 37 tahun warga Dusun Bonjati Desa Klampok Kecamatan Singosari. ... ... Selengkapnya cek https://t.co/pVSQ8B1741,1.26E+18,,,in,,0,0,0,https://x.com/malpostonline/status/1259127421565046790,9.86E+17,malpostonline
1.26E+18,Fri May 08 08:55:19 +0000 2020,0,Aksi pencurian kendaraan bermotor (curanmor) kembali terjadi. Belum lama ini pelaku nekat beraksi di Jalan Mayjend Panjaitan Kecamatan Klojen Kota Malang yang banyak dilalui oleh kendaraan. ... ... Selengkapnya https://t.co/FRbhpMz0AQ,1.26E+18,,,in,,0,0,0,https://x.com/malpostonline/status/1258681877734588418,9.86E+17,malpostonline
1.26E+18,Tue May 05 16:21:41 +0000 2020,0,Pelaku pencurian kembali beraksi di Kota Malang. Selasa (5/5) sebuah toko sepatu Geist Store dan Komu Kafe yang terletak di Jalan Cokroaminoto Kecamatan Klojen Kota Malang dibobol https://t.co/IvtRJfH3Ma,1.26E+18,,,in,,0,0,0,https://x.com/malpostonline/status/1257707044167172097,9.86E+17,malpostonline
1.26E+18,Tue May 05 08:26:19 +0000 2020,0,Pelaku pencurian kendaraan motor (curanmor) yang menggegerkan media sosial akhirnya meninggal dunia. Diduga pelaku harus merenggang nyawa akibat amuk massa peristiwa percobaan pencurian yang terjadi di Jalan Zaenal https://t.co/dzqTKWyyMM,1.26E+18,,,in,,0,0,0,https://x.com/malpostonline/status/1257587417302872065,9.86E+17,malpostonline
1.26E+18,Mon May 04 07:28:09 +0000 2020,0,Media sosial facebook kembali digegerkan dengan video amatir milik warga. Dalam rekaman video tersebut puluhan warga membekuk seorang pria dan menjadi sasaran amuk massa. Diduga pria tersebut adalah pelaku curanmor https://t.co/ywmhBQBpHZ,1.26E+18,,,in,,0,0,0,https://x.com/malpostonline/status/1257210390112538630,9.86E+17,malpostonline
1.26E+18,Mon May 04 02:59:11 +0000 2020,2,Lagi 2 pemuda tersangka curat di dermaga Sendang Biru berhasil ditangkap Unit Reskrim Polsek Sumbermanjing Wetan. #KabupatenMalang https://t.co/KrOUAxs4zA,1.26E+18,,,in,Kota Malang,0,0,0,https://x.com/tubagusody/status/1257142700798668800,1.16E+18,tubagusody
1.26E+18,Thu Apr 30 06:06:47 +0000 2020,0,Sunifah warga Jalan Gadang XIX Kota Malang menjadi korban gendam Rabu (29/4). Modus pelaku dengan menanyakan alamat jalan. Akibat kejadian itu korban mengalami kerugian sekitar Rp 5 5 juta. Saya tidak melaporkan https://t.co/IafvvnVYe4,1.26E+18,,,in,,0,0,0,https://x.com/malpostonline/status/1255740360770367491,9.86E+17,malpostonline
1.26E+18,Sun May 03 08:13:34 +0000 2020,0,Aksi pelaku pencurian kendaraan bermotor yang terekam kamera pengintai kembali terjadi. Peristiwa tersebut menimpa seorang pegawai toko modern yang sedang asyik bekerja. Sampai saat ini kasus tersebut masih dalam https://t.co/ygFcdMebqe,1.26E+18,,,in,,0,0,0,https://x.com/malpostonline/status/1256859429879808001,9.86E+17,malpostonline
1.26E+18,Wed Apr 29 05:41:01 +0000 2020,0,Kawasan Kebalen Wetan Kecamatan Kedungkandang Kota Malang geger Selasa (28/4). Sekitar pukul 20.30 WIB diduga seorang pelaku tindak pidana kriminal tertangkap. Di jagad media sosial facebook warga net menduga https://t.co/Xt7q9AE92n,1.26E+18,,,in,,0,0,0,https://x.com/malpostonline/status/1255371489706213376,9.86E+17,malpostonline
1.26E+18,Wed Apr 29 04:21:37 +0000 2020,0,Bisnis obat-obatan ilegal yang dilakukan dua pelaku yakni warga Kecamatan Gondanglegi Kabupaten Malang ternyata sudah berjalan sejak lama. Zainul Abidin mengaku kalau dia menjual obat-obatan tanpa izin edar dari https://t.co/RuLXEnvwJL,1.26E+18,,,in,,0,0,0,https://x.com/malpostonline/status/1255351508041977856,9.86E+17,malpostonline
1.26E+18,Tue Apr 28 08:33:49 +0000 2020,0,Pelaku pencurian kendaraan bermotor (curanmor) kembali beraksi. Mereka memanfaatkan celah masyarakat yang sedang asyik berbuka puasa untuk melakukan aksinya. Peristiwa itu terjadi pada Senin (27/4) sekitar pukul https://t.co/DVbYLr1FDu,1.26E+18,,,in,,0,0,0,https://x.com/malpostonline/status/1255052588346564609,9.86E+17,malpostonline
1.25E+18,Fri Apr 24 09:09:25 +0000 2020,0,Unit Reserse Kriminal (Reskrim) Polsek Sukun berhasil menangkap pelaku pencurian dan pemberatan (curat) Kamis (23/4). Pria yang diketahui berasal dari Dusun Temu Kelurahan Sitirejo Kecamatan Wagir Kabupaten https://t.co/xptcpIyCsu,1.25E+18,,,in,,0,0,0,https://x.com/malpostonline/status/1253611995384995842,9.86E+17,malpostonline
1.25E+18,Thu Apr 23 13:52:23 +0000 2020,0,Penjahat jalanan kembali berulah. Kamis (24/4) pagi pelaku jambret beraksi di Jalan Hamoman Kecamatan Pakis. Korbannya seorang ibu rumah tangga yakni Sulika warga Jalan Jaya Srani Malang. ... ... Selengkapnya https://t.co/yDxd8ji7Fv,1.25E+18,,,in,,0,0,0,https://x.com/malpostonline/status/1253320817796055040,9.86E+17,malpostonline
1.25E+18,Thu Apr 23 13:51:40 +0000 2020,0,Pembobol Malbourne Coffee Shop milik Wakil Ketua DPRD Kota Malang di Jalan Candi Panggung Malang terungkap. Pelakunya ternyata anak berusia di bawah umur. Rabu (22/4) pelaku diamankan Unit Reskrim Polsek Bantur https://t.co/sIZABeNJSM,1.25E+18,,,in,,0,0,0,https://x.com/malpostonline/status/1253320640494329856,9.86E+17,malpostonline
1.25E+18,Thu Apr 23 06:21:14 +0000 2020,0,Pelaku pencurian kendaraan bermotor (curanmor) kembali beraksi. Mereka menyasar kawasan kontrakan mahasiswa yang terletak di Jalan Ikan Paus V Kecamatan Lowokwaru Kota Malang. Berdasarkan informasi yang berhasil https://t.co/gl9ptf0xY5,1.25E+18,,,in,,0,0,0,https://x.com/malpostonline/status/1253207281984036864,9.86E+17,malpostonline
1.25E+18,Thu Apr 23 06:19:31 +0000 2020,0,Polresta Malang Kota berhasil melakukan penangkapan tiga pelaku vandalisme yang meresahkan masyarakat. Sampai saat ini mereka masih melakukan penyelidikan dan pengembangan terhadap para tersangka. Ketiga tersangka https://t.co/XvhiLG4A6r,1.25E+18,,,in,,0,0,0,https://x.com/malpostonline/status/1253206852525084673,9.86E+17,malpostonline
1.25E+18,Sun Apr 19 08:38:24 +0000 2020,0,Polresta Malang Kota bersama polsek jajaran terus berupaya untuk mengungkap kasus pencurian kendaraan bermotor (curanmor). Belum lama ini Polsek Lowokwaru berhasil menangkap satu pelaku curanmor yang dilakukan di https://t.co/pX2poJgsei,1.25E+18,,,in,,0,0,0,https://x.com/malpostonline/status/1251792249467408385,9.86E+17,malpostonline
1.24E+18,Tue Mar 31 12:56:35 +0000 2020,0,Polsek Lowokwaru berhasil mengungkap kasus pencurian ponsel dan laptop. Tersangka ditangkap polisi setelah tertangkap basah oleh warga ketika melakukan aksinya di kawasan Jalan Joyo Raharjo Kecamatan Lowokwaru https://t.co/rsDZADiYuD,1.24E+18,,,in,,0,0,0,https://x.com/malpostonline/status/1244971853719810049,9.86E+17,malpostonline
1.24E+18,Tue Mar 31 08:53:41 +0000 2020,1,Polsek Lowokwaru berhasil mengungkap kasus pencurian ponsel dan laptop. Tersangka ditangkap polisi setelah tertangkap basah oleh warga ketika melakukan aksinya di kawasan Jalan Joyo Raharjo Kecamatan Lowokwaru https://t.co/P6kZCB4A7E,1.24E+18,,,in,,0,0,0,https://x.com/malpostonline/status/1244910729704157184,9.86E+17,malpostonline
1.74E+18,Tue Jan 02 08:35:42 +0000 2024,2,Satreskrim Polresta Malang Kota menegaskan tersangka pembunuhan dan mutilasi istri sendiri James melakukan perbuatannya dengan sadar. https://t.co/Ep212zgHO4,1.74E+18,https://pbs.twimg.com/media/GC0wa2RbwAE79EG.jpg,,in,"Jalan Kawi 11B, Kota Malang",0,1,3,https://x.com/radar_malang/status/1742102353153827121,528590547,radar_malang
1.69E+18,Wed Aug 09 05:04:01 +0000 2023,13,Dipikir kecelakaan ternyata peristiwa di Singosari dua hari lalu adalah penangkapan maling motor oleh Polresta Malang Kota. Dua maling motor sudah dibuntuti untuk disergap. Saat penangkapan pelaku melawan sehingga didor. berikut video konferensi pers penangkapan pelaku https://t.co/0Li007e8IE,1.69E+18,https://pbs.twimg.com/ext_tw_video_thumb/1689140211748605953/pu/img/kMzDS6WPWG6pVmPR.jpg,,in,"Jalan Kawi 11B, Kota Malang",1,0,7,https://x.com/radar_malang/status/1689140455160852485,528590547,radar_malang
1.26E+18,Wed May 06 10:20:01 +0000 2020,0,Satuan Reserse Narkoba (Satreskoba) Polresta Malang Kota menangkap seorang bandar dan kurir narkoba. Keduanya kedapatan menyimpan dan memiliki sabu serta pil happy five yang siap https://t.co/BNM0F5QFhY,1.26E+18,,,in,,0,0,0,https://x.com/malpostonline/status/1257978416856514560,9.86E+17,malpostonline
1.25E+18,Sun Apr 12 07:14:28 +0000 2020,0,Polresta Malang Kota mengamankan 207 orang remaja yang terlibat balap liar Sabtu (11/4). Selain itu polisi juga mengamankan 154 barang bukti berupa kendaraan bermotor di kantor polisi. Kapolresta Malang Kota https://t.co/2MIrNlRFq9,1.25E+18,,,in,,0,0,0,https://x.com/malpostonline/status/1249234414032302082,9.86E+17,malpostonline
1.25E+18,Fri Apr 10 08:33:11 +0000 2020,0,Satuan Reserse Narkoba (Satreskoba) Polresta Malang kota berhasil menangkap seorang kurir sabu. Pria yang berinisial RD 27 warga Jalan Ahmad Yani Kecamatan Blimbing Kota Malang itu nekat mengantar barang haram https://t.co/ZOWhLjW9Lq,1.25E+18,,,in,,0,0,0,https://x.com/malpostonline/status/1248529448107999232,9.86E+17,malpostonline
1.23E+18,Sun Mar 01 09:01:08 +0000 2020,0,Kejahatan jalanan yang bermodus memecahkan kaca mobil kembali terjadi di wilayah hukum Polresta Malang Kota. Jumat (28/2) lalu peristiwa itu terjadi di sekitaran Jalan Ahmad Yani Kecamatan Blimbing Kota Malang https://t.co/bZzvE5KL5W,1.23E+18,,,in,,0,0,0,https://x.com/malpostonline/status/1234040968548143104,9.86E+17,malpostonline
1.26E+18,Tue May 05 06:46:14 +0000 2020,0,Satuan Reserse Kriminal (Satreskrim) Polresta Malang Kota terus mendalami kasus balap liar yang baru saja diamankan oleh Satlantas Polresta Malang Kota. Sebab dalam kasus yang terjadi di Jalan Rajasa Kecamatan https://t.co/UlSaLhSzHN,1.26E+18,,,in,,0,0,0,https://x.com/malpostonline/status/1257562229714694144,9.86E+17,malpostonline
1.23E+18,Thu Feb 20 06:15:06 +0000 2020,0,Unit Resmob Satreskrim Polresta Malang Kota kembali mengamankan dua orang jambret. Mereka ditangkap setelah melakukan aksi penjambretan di Fly Over Arjosari pada Selasa (18/2) sekitar pukul https://t.co/NO2JOGAHnp,1.23E+18,,,in,,0,0,0,https://x.com/malpostonline/status/1230375305967173633,9.86E+17,malpostonline
1.23E+18,Wed Feb 19 10:25:58 +0000 2020,1,Mengaku jadi polisi seorang pria berinisial SZ 29 warga Jalan Gapura Desa Pandanlandung Kecamatan Wagir Kabupaten Malang harus benar-benar berurusan dengan pihak kepolisian dari Polresta Malang Kota. Ia https://t.co/q9NFQN3lZg,1.23E+18,,,in,,0,0,0,https://x.com/malpostonline/status/1230076050111107072,9.86E+17,malpostonline
1.23E+18,Fri Feb 07 22:35:31 +0000 2020,3,Polresta Malang Kota Tangkap 4 Pelaku Spesialis Curanmor https://t.co/L7cH9ByFe5 @HumasMakota @PidMakota https://t.co/zS5JCLEpT3,1.23E+18,https://pbs.twimg.com/media/EQNPi_rUcAIhVyq.jpg,,in,Malang,0,0,0,https://x.com/RRIMalang/status/1225910993353506817,1371191090,RRIMalang
1.24E+18,Thu Mar 19 09:50:19 +0000 2020,0,Satuan Reserse Narkoba (Satreskoba) Polresta Malang Kota berhasil menangkap satu jaringan narkotika jenis sabu. Diketahui barang haram tersebut didapat dari jaringan pengedar narkoba di Lapas Madiun. Dalam kasus https://t.co/xamyAPeOw4,1.24E+18,,,in,,0,0,0,https://x.com/malpostonline/status/1240576324915380224,9.86E+17,malpostonline
1.25E+18,Thu Apr 23 06:19:31 +0000 2020,0,Polresta Malang Kota berhasil melakukan penangkapan tiga pelaku vandalisme yang meresahkan masyarakat. Sampai saat ini mereka masih melakukan penyelidikan dan pengembangan terhadap para tersangka. Ketiga tersangka https://t.co/XvhiLG4A6r,1.25E+18,,,in,,0,0,0,https://x.com/malpostonline/status/1253206852525084673,9.86E+17,malpostonline
1.25E+18,Thu Apr 09 02:57:28 +0000 2020,0,Satreskrim Polres Malang akan merekonstruksi kasus pembunuhan yang dilakukan Agus Widodo alias Agus Bugo 46 terhadap istrinya yakni Suliani. Reka adegan pembunuhan akan diadakan segera mungkin. Rencananya pada https://t.co/xFyHf4xV0c,1.25E+18,,,in,,0,0,0,https://x.com/malpostonline/status/1248082572816547841,9.86E+17,malpostonline
1.37E+18,Tue Mar 16 11:26:43 +0000 2021,1,Polsek terdekat Polsek Polsek terdekat Polsek Polsek terdekat. Tangkap pelaku ujar KEBENCIAN. Sebelum menyebar luas. Ini punya orang tua apa tidak sih. Bravo Polsek Polsek Polsek Polsek Polsek Polsek Polsek Polsek Polsek Polsek Polsek Polsek Polsek Polsek Polsek Polsek terdekat,1.37E+18,,,in,,0,0,1,https://x.com/EkoFirman20/status/1371784994532720643,1.34E+18,EkoFirman20
1.37E+18,Mon Mar 15 12:36:37 +0000 2021,0,Bravo @DivHumas_Polri untuk operasi protitusi muncikari di wilayah kecamatan tumpang dan desa kambing an https://t.co/BVG8K7YRPw,1.37E+18,,,in,,0,0,0,https://x.com/EkoFirman20/status/1371440196126867463,1.34E+18,EkoFirman20
1.26E+18,Sat May 16 16:09:03 +0000 2020,0,Pelaku pembunuhan di pintu air Sipon Kali Metro Talangagung Kepanjen terungkap. Pelaku bernama Higam Yuda Sena alias Gamber berusia 17 tahun warga Desa Talangagung Kepanjen. Dia ditangkap oleh Satreskrim Polres https://t.co/dJ3XvEMu4K,1.26E+18,,,in,,0,0,0,https://x.com/malpostonline/status/1261690132295487490,9.86E+17,malpostonline
1.26E+18,Tue May 05 06:46:14 +0000 2020,0,Satuan Reserse Kriminal (Satreskrim) Polresta Malang Kota terus mendalami kasus balap liar yang baru saja diamankan oleh Satlantas Polresta Malang Kota. Sebab dalam kasus yang terjadi di Jalan Rajasa Kecamatan https://t.co/UlSaLhSzHN,1.26E+18,,,in,,0,0,0,https://x.com/malpostonline/status/1257562229714694144,9.86E+17,malpostonline
1.25E+18,Thu Apr 09 02:57:28 +0000 2020,0,Satreskrim Polres Malang akan merekonstruksi kasus pembunuhan yang dilakukan Agus Widodo alias Agus Bugo 46 terhadap istrinya yakni Suliani. Reka adegan pembunuhan akan diadakan segera mungkin. Rencananya pada https://t.co/xFyHf4xV0c,1.25E+18,,,in,,0,0,0,https://x.com/malpostonline/status/1248082572816547841,9.86E+17,malpostonline
1.25E+18,Thu Apr 23 06:48:44 +0000 2020,0,Satreskrim Polres Malang merekonstruksi kasus pembunuhan yang dilakukan Agus Widodo alias Agus Bugo 46 terhadap istrinya yakni Suliani Rabu (22/4). Reka adegan digelar di lokasi kejadian di area perkebunan tebu https://t.co/HrbCSJBzl6,1.25E+18,,,in,,0,0,0,https://x.com/malpostonline/status/1253214204754092032,9.86E+17,malpostonline
1.25E+18,Thu Apr 23 13:51:02 +0000 2020,0,Ingat dengan laporan penjambretan yang terjadi di Jalan Raya Tlekung Kecamatan Junrejo Kota Batu pada 17 April lalu. Ternyata laporan tersebut palsu. Satreskrim Polres Batu berhasil membongkar kasusnya dengan https://t.co/q7y4Nqvqns,1.25E+18,,,in,,0,0,0,https://x.com/malpostonline/status/1253320479709913091,9.86E+17,malpostonline
1.30E+18,Sun Sep 06 07:31:19 +0000 2020,0,Polisi Kenali Identitas Pelaku Penembakan ATM Mandiri di Malang Satreskrim Polresta Malang Kota selangkah lebih dekat dalam mengungkap identitas pelaku percobaan perampokan bersenjata di ATM Mandiri Malang https://t.co/5YkGIMw3LL,1.30E+18,,,in,"Malang, Jawa Timur",0,0,1,https://x.com/tugumalang_id/status/1302509671220158464,535213390,tugumalang_id
1.24E+18,Thu Mar 05 07:14:58 +0000 2020,0,Seorang perempuan tak dikenal nekat mencuri perlengkapan kecantikan Selasa (3/3). Pencurian tersebut dilakukan di Toko Aufan yang terletak di Jalan S. Supriyadi Kecamatan Sukun Kota Malang. Ketika melakukan https://t.co/sa9UMm5uR5,1.24E+18,,,in,,0,0,0,https://x.com/malpostonline/status/1235463800108826629,9.86E+17,malpostonline
1.23E+18,Tue Mar 03 08:55:45 +0000 2020,0,Pelaku pencurian kendaraan bermotor tak berhenti beraksi. Kali ini terjadi di Jalan Ir. H. Juanda Kelurahan Jodipan Kota Malang. Selama hampir satu bulan sudah ada tiga sepeda motor milik warga yang raib dibawa https://t.co/02WgikL55t,1.23E+18,,,in,,0,0,0,https://x.com/malpostonline/status/1234764388789366789,9.86E+17,malpostonline
1.23E+18,Fri Feb 14 08:52:02 +0000 2020,10,Sekarang banyak sekali pencurian sepeda motor di Kota Malang diharap dikunci ganda ya gaes meskipun rada ribet yang penting keamanan nomor satu dan tetap waspada jika perlu pasang cctv disetiap rumah/kosÂ²an/kontrakan. @infomalang,1.23E+18,,,in,"Malang,Jawa Timur,Indonesia",0,4,19,https://x.com/bahiyalnaufal/status/1228240469248761859,390689293,bahiyalnaufal
1.12E+18,Thu May 02 10:46:52 +0000 2019,26,Tampak pelaku pencurian di masjid al falah malang sedang diamankan dengan polisi setempat. @infomalang https://t.co/5WxWUktc6C,1.12E+18,https://pbs.twimg.com/ext_tw_video_thumb/1123901584893722625/pu/img/reLE_6sGxi2GmjUZ.jpg,,in,Indonesia,10,16,30,https://x.com/ocidbacit/status/1123901662530342913,857501780,ocidbacit
1.60E+18,Tue Jan 31 11:55:04 +0000 2023,4,Di Temukan Mayat Gantung Diri di belakang SDN LEBAKHARJO 3 sesuai sidik jari. Korban diduga adalah Sukarni. Tersangka pembunuhan wanita yang berada di desa Licin - Kabupaten Malang. (31 Januari 2023) https://t.co/OiLGVyIwnN,1.62E+18,https://pbs.twimg.com/ext_tw_video_thumb/1620390070019817474/pu/img/7bMx1YKRQDHpQYdq.jpg,siskanoviw,in,"Malang, Jawa Timur",0,1,4,https://x.com/siskanoviw/status/1620390203188969476,275448462,siskanoviw
1.60E+18,Fri Dec 02 10:46:51 +0000 2022,12,Kamis 1/12/22 Siang Terjadi pencurian HP yg di cas pemiliknya di Teras Masjid Jami Blimbing Mlg. Pelaku Baju Hitam Korban baju merah sempat Tertidur Di samping Pilar masjid. Memanfaatkan Kesempatan Perlaku berhasil mengambil HP korban dengan Cepat. @infomalang @cityguide911fm https://t.co/ZL5kNQBEQ7,1.60E+18,https://pbs.twimg.com/ext_tw_video_thumb/1598629674305081345/pu/img/sFaWjx2zf4Xi3nDC.jpg,,in,,0,1,12,https://x.com/septiyan231010/status/1598629766055485440,569816441,septiyan231010
1.47E+18,Wed Dec 01 14:20:17 +0000 2021,0,udane ra gelem terus terang koyo pelaku pencurian dompet e mas fahmi,1.47E+18,,,in,Planet Surf,0,0,0,https://x.com/metal_klenik/status/1466049516511973388,1661786137,metal_klenik
1.31E+18,Fri Oct 02 13:54:40 +0000 2020,2,Merusak pintu masuk jendela dan memasuki rumah ini modus yang biasa digunakan oleh pelaku pencurian yang menyasar benda2 berharga milik korban seperti TV uang HP dll. Modus kaya gini sebenernya bisa dihindari pakai sistem akses perumahan one gate.,1.31E+18,,prabu_abimanyu,in,"East Java, Indonesia",0,1,0,https://x.com/prabu_abimanyu/status/1312028228857458688,9.58E+17,prabu_abimanyu
1.28E+18,Tue Jun 23 05:30:52 +0000 2020,0,Pelaku pencurian kendaraan bermotor (curanmor) kembali melakukan aksinya. Kali ini menyasar sebuah ruko di Jalan Sunan Kalijaga Kecamatan Lowokwaru Kota Malang Sabtu (20/6) pagi. .... .... .... Selengkapnya cek https://t.co/yWV9ZA4JsA,1.28E+18,,,in,,0,0,0,https://x.com/malpostonline/status/1275300266984669184,9.86E+17,malpostonline
1.27E+18,Fri Jun 12 02:54:27 +0000 2020,0,Pelaku pencurian kendaraan bermotor (curanmor) benar-benar keterlaluan. Mereka kembali menyasar permukiman warga. Kali ini ia mencuri sepeda motor matic yang diparkir di depan rumah warga yang berada di dalam gang https://t.co/AmQDeznXUn,1.27E+18,,,in,,0,0,0,https://x.com/malpostonline/status/1271274638128136194,9.86E+17,malpostonline
1.27E+18,Wed May 27 12:31:51 +0000 2020,0,Pelaku pencurian kendaraan bermotor (curanmor) kembali beraksi di wilayah hukum Kota Malang. Kali ini mereka menyasar perkampungan warga yang terletak di Jalan Prof. Muh. Yamin V Kecamatan Klojen Kota https://t.co/h0xYaaDuhJ,1.27E+18,,,in,,0,0,0,https://x.com/malpostonline/status/1265621738408349696,9.86E+17,malpostonline
1.26E+18,Wed May 20 08:37:28 +0000 2020,0,Pelaku pencurian kendaraan bermotor kembali beraksi. Sebuah sepeda motor Honda CB 150 R raib digondol maling. Peristiwa itu diketahui terjadi pada Selasa (19/5) di halaman sebuah kantor yang terletak di Jalan MT. https://t.co/OduUZyCFro,1.26E+18,,,in,,0,0,0,https://x.com/malpostonline/status/1263026041033052160,9.86E+17,malpostonline
1.26E+18,Mon May 18 08:46:03 +0000 2020,0,Pelaku pencurian tidak hanya menyasar kendaraan bermotor saja. Namun juga barang berharga lain milik warga. Seperti yang terjadi di Jalan Segawe Kelurahan Bandung Rejosari Kecamatan Sukun Kota Malang sebuah https://t.co/0muqtmNcrX,1.26E+18,,,in,,0,0,0,https://x.com/malpostonline/status/1262303423279423488,9.86E+17,malpostonline
1.26E+18,Thu May 14 07:15:42 +0000 2020,0,Pelaku pencurian kendaraan bermotor (curanmor) kembali beraksi di wilayah hukum Kota Malang yang kini lagi gencar memerangi curanmor. Bahkan aksi pelaku sempat terekam kamera pengintai dan viral di media sosial https://t.co/3Pwnf1RiO6,1.26E+18,,,in,,0,0,0,https://x.com/malpostonline/status/1260831135346634752,9.86E+17,malpostonline
1.26E+18,Wed May 13 06:38:05 +0000 2020,0,Pelaku pencurian kendaraan bermotor (curanmor) kembali beraksi. Kali ini mereka beraksi di kawasan Jalan Bunga Cengkeh Kecamatan Lowokwaru Kota Malang di salah satu tempat service ponsel. Perisitiwa itu terjadi https://t.co/hyxBSb0qlD,1.26E+18,,,in,,0,0,0,https://x.com/malpostonline/status/1260459281981362182,9.86E+17,malpostonline
1.26E+18,Tue May 12 08:11:41 +0000 2020,0,Aksi pelaku pencurian yang terekam kamera pengintai kembali terjadi. Pencurian yang dilakukan pada Senin (11/5) tersebut sempat viral di media sosial Facebook. Korban pencurian Ratih 20 warga Kelurahan Lesanpuro https://t.co/mYT9ssNI8v,1.26E+18,,,in,,0,0,0,https://x.com/malpostonline/status/1260120450455265280,9.86E+17,malpostonline
1.26E+18,Sun May 10 08:16:23 +0000 2020,0,Warga Jalan Sodanco Supriyadi Kelurahan Bandungrejosari Kecamatan Sukun Kota Malang berhasil menggagalkan aksi pencurian Minggu (10/5) dini hari. Para pelaku pencurian yang diduga berjumlah tiga orang itu menyasar https://t.co/Lv6IFzGsYD,1.26E+18,,,in,,0,0,0,https://x.com/malpostonline/status/1259396857182031872,9.86E+17,malpostonline
1.26E+18,Fri May 08 08:55:19 +0000 2020,0,Aksi pencurian kendaraan bermotor (curanmor) kembali terjadi. Belum lama ini pelaku nekat beraksi di Jalan Mayjend Panjaitan Kecamatan Klojen Kota Malang yang banyak dilalui oleh kendaraan. ... ... Selengkapnya https://t.co/FRbhpMz0AQ,1.26E+18,,,in,,0,0,0,https://x.com/malpostonline/status/1258681877734588418,9.86E+17,malpostonline
1.26E+18,Tue May 05 16:21:41 +0000 2020,0,Pelaku pencurian kembali beraksi di Kota Malang. Selasa (5/5) sebuah toko sepatu Geist Store dan Komu Kafe yang terletak di Jalan Cokroaminoto Kecamatan Klojen Kota Malang dibobol https://t.co/IvtRJfH3Ma,1.26E+18,,,in,,0,0,0,https://x.com/malpostonline/status/1257707044167172097,9.86E+17,malpostonline
1.26E+18,Tue May 05 08:26:19 +0000 2020,0,Pelaku pencurian kendaraan motor (curanmor) yang menggegerkan media sosial akhirnya meninggal dunia. Diduga pelaku harus merenggang nyawa akibat amuk massa peristiwa percobaan pencurian yang terjadi di Jalan Zaenal https://t.co/dzqTKWyyMM,1.26E+18,,,in,,0,0,0,https://x.com/malpostonline/status/1257587417302872065,9.86E+17,malpostonline
1.26E+18,Sun May 03 08:13:34 +0000 2020,0,Aksi pelaku pencurian kendaraan bermotor yang terekam kamera pengintai kembali terjadi. Peristiwa tersebut menimpa seorang pegawai toko modern yang sedang asyik bekerja. Sampai saat ini kasus tersebut masih dalam https://t.co/ygFcdMebqe,1.26E+18,,,in,,0,0,0,https://x.com/malpostonline/status/1256859429879808001,9.86E+17,malpostonline
1.26E+18,Tue Apr 28 08:33:49 +0000 2020,0,Pelaku pencurian kendaraan bermotor (curanmor) kembali beraksi. Mereka memanfaatkan celah masyarakat yang sedang asyik berbuka puasa untuk melakukan aksinya. Peristiwa itu terjadi pada Senin (27/4) sekitar pukul https://t.co/DVbYLr1FDu,1.26E+18,,,in,,0,0,0,https://x.com/malpostonline/status/1255052588346564609,9.86E+17,malpostonline
1.25E+18,Fri Apr 24 09:09:25 +0000 2020,0,Unit Reserse Kriminal (Reskrim) Polsek Sukun berhasil menangkap pelaku pencurian dan pemberatan (curat) Kamis (23/4). Pria yang diketahui berasal dari Dusun Temu Kelurahan Sitirejo Kecamatan Wagir Kabupaten https://t.co/xptcpIyCsu,1.25E+18,,,in,,0,0,0,https://x.com/malpostonline/status/1253611995384995842,9.86E+17,malpostonline
1.25E+18,Thu Apr 23 06:21:14 +0000 2020,0,Pelaku pencurian kendaraan bermotor (curanmor) kembali beraksi. Mereka menyasar kawasan kontrakan mahasiswa yang terletak di Jalan Ikan Paus V Kecamatan Lowokwaru Kota Malang. Berdasarkan informasi yang berhasil https://t.co/gl9ptf0xY5,1.25E+18,,,in,,0,0,0,https://x.com/malpostonline/status/1253207281984036864,9.86E+17,malpostonline
1.25E+18,Sun Apr 19 08:38:24 +0000 2020,0,Polresta Malang Kota bersama polsek jajaran terus berupaya untuk mengungkap kasus pencurian kendaraan bermotor (curanmor). Belum lama ini Polsek Lowokwaru berhasil menangkap satu pelaku curanmor yang dilakukan di https://t.co/pX2poJgsei,1.25E+18,,,in,,0,0,0,https://x.com/malpostonline/status/1251792249467408385,9.86E+17,malpostonline
1.23E+18,Fri Feb 07 22:35:31 +0000 2020,3,Polresta Malang Kota Tangkap 4 Pelaku Spesialis Curanmor https://t.co/L7cH9ByFe5 @HumasMakota @PidMakota https://t.co/zS5JCLEpT3,1.23E+18,https://pbs.twimg.com/media/EQNPi_rUcAIhVyq.jpg,,in,Malang,0,0,0,https://x.com/RRIMalang/status/1225910993353506817,1371191090,RRIMalang
1.23E+18,Wed Feb 19 10:25:58 +0000 2020,1,Mengaku jadi polisi seorang pria berinisial SZ 29 warga Jalan Gapura Desa Pandanlandung Kecamatan Wagir Kabupaten Malang harus benar-benar berurusan dengan pihak kepolisian dari Polresta Malang Kota. Ia https://t.co/q9NFQN3lZg,1.23E+18,,,in,,0,0,0,https://x.com/malpostonline/status/1230076050111107072,9.86E+17,malpostonline
1.23E+18,Fri Feb 21 09:29:07 +0000 2020,0,Satuar Reserse Narkoba (Satreskoba) Polresta Malang Kota mengamankan dua orang mahasiswa yang mengedarkan ganja yakni FIP 23 warga Lowokwaru dan AKW alias Frank 20 warga Poncokusumo Kabupaten Malang. Narkotika https://t.co/GJTwokzhDm,1.23E+18,,,in,,0,0,0,https://x.com/malpostonline/status/1230786517158764544,9.86E+17,malpostonline
1.23E+18,Thu Feb 20 06:15:06 +0000 2020,0,Unit Resmob Satreskrim Polresta Malang Kota kembali mengamankan dua orang jambret. Mereka ditangkap setelah melakukan aksi penjambretan di Fly Over Arjosari pada Selasa (18/2) sekitar pukul https://t.co/NO2JOGAHnp,1.23E+18,,,in,,0,0,0,https://x.com/malpostonline/status/1230375305967173633,9.86E+17,malpostonline
1.23E+18,Sun Mar 01 09:01:08 +0000 2020,0,Kejahatan jalanan yang bermodus memecahkan kaca mobil kembali terjadi di wilayah hukum Polresta Malang Kota. Jumat (28/2) lalu peristiwa itu terjadi di sekitaran Jalan Ahmad Yani Kecamatan Blimbing Kota Malang https://t.co/bZzvE5KL5W,1.23E+18,,,in,,0,0,0,https://x.com/malpostonline/status/1234040968548143104,9.86E+17,malpostonline
1.23E+18,Thu Mar 19 09:50:19 +0000 2020,0,Satuan Reserse Narkoba (Satreskoba) Polresta Malang Kota berhasil menangkap satu jaringan narkotika jenis sabu. Diketahui barang haram tersebut didapat dari jaringan pengedar narkoba di Lapas Madiun. Dalam kasus https://t.co/xamyAPeOw4,1.24E+18,,,in,,0,0,0,https://x.com/malpostonline/status/1240576324915380224,9.86E+17,malpostonline
1.25E+18,Mon Apr 06 10:01:23 +0000 2020,0,Pelaku pencurian kendaraan bermotor (curanmor) spesialis rumah kontrakan kembali beraksi di wilayah hukum Polresta Malang Kota. Mereka lagi-lagi memanfaatkan celah ketika sang pemilik sedang lengah dan meninggalkan https://t.co/b2XxMQOWjO,1.25E+18,,,in,,0,0,0,https://x.com/malpostonline/status/1247102092688457729,9.86E+17,malpostonline
1.25E+18,Fri Apr 10 08:33:11 +0000 2020,0,Satuan Reserse Narkoba (Satreskoba) Polresta Malang kota berhasil menangkap seorang kurir sabu. Pria yang berinisial RD 27 warga Jalan Ahmad Yani Kecamatan Blimbing Kota Malang itu nekat mengantar barang haram https://t.co/ZOWhLjW9Lq,1.25E+18,,,in,,0,0,0,https://x.com/malpostonline/status/1248529448107999232,9.86E+17,malpostonline
1.25E+18,Fri Apr 10 08:48:57 +0000 2020,0,Empat orang meninggal dunia akibat minuman keras (Miras) oplosan pada pekan lalu. Supaya tidak lagi kecolongan Polresta Malang Kota memperketat pengamanan sekaligus meningkatkan patroli dan razia di beberapa https://t.co/dXjnbQKpD3,1.25E+18,,,in,,0,0,0,https://x.com/malpostonline/status/1248533414430552064,9.86E+17,malpostonline
1.25E+18,Sun Apr 12 07:14:28 +0000 2020,0,Polresta Malang Kota mengamankan 207 orang remaja yang terlibat balap liar Sabtu (11/4). Selain itu polisi juga mengamankan 154 barang bukti berupa kendaraan bermotor di kantor polisi. Kapolresta Malang Kota https://t.co/2MIrNlRFq9,1.25E+18,,,in,,0,0,0,https://x.com/malpostonline/status/1249234414032302082,9.86E+17,malpostonline
1.25E+18,Mon Apr 13 12:58:26 +0000 2020,0,Satuan Reserse Kriminal (Satreskrim) Polresta Malang Kota bergerak cepat dalam mengungkap kasus pencabulan anak di bawah umur. WH alias Skamet Hariyadi 33 tak berdaya ketika digelandang polisi Senin (13/4). Ia https://t.co/UaQ7AhihQT,1.25E+18,,,in,,0,0,0,https://x.com/malpostonline/status/1249683364380053506,9.86E+17,malpostonline
1.25E+18,Sun Apr 19 08:38:24 +0000 2020,0,Polresta Malang Kota bersama polsek jajaran terus berupaya untuk mengungkap kasus pencurian kendaraan bermotor (curanmor). Belum lama ini Polsek Lowokwaru berhasil menangkap satu pelaku curanmor yang dilakukan di https://t.co/pX2poJgsei,1.25E+18,,,in,,0,0,0,https://x.com/malpostonline/status/1251792249467408385,9.86E+17,malpostonline
1.25E+18,Wed Apr 22 10:45:06 +0000 2020,0,Diduga Lakukan Vandalisme 'Tegalrejo Bergerak ' 3 Aktivis Mahasiswa Dibekuk MALANG - Polresta Malang Kota berhasil membekuk 3 orang terduga anggota Anarko yang melakukan vandalisme di beberapa tembok di Kota Malang. https://t.co/KXb2tvmi3j,1.25E+18,,,in,"Malang, Jawa Timur",0,0,0,https://x.com/tugumalang_id/status/1252911300734312448,535213390,tugumalang_id
1.25E+18,Tue Apr 21 10:03:48 +0000 2020,0,Polresta Malang Kota berhasil menangkap tiga pelaku vandalisme di Kota Malang. Mereka merupakan mahasiswa yang sering malakukan aksinya di wilayah Kota Malang. Kapolresta Malang Kota Kombes Pol Leonardus Simarmata https://t.co/qntn7cHAc7,1.25E+18,,,in,,0,0,0,https://x.com/malpostonline/status/1252538518708129792,9.86E+17,malpostonline
1.25E+18,Thu Apr 23 06:19:31 +0000 2020,0,Polresta Malang Kota berhasil melakukan penangkapan tiga pelaku vandalisme yang meresahkan masyarakat. Sampai saat ini mereka masih melakukan penyelidikan dan pengembangan terhadap para tersangka. Ketiga tersangka https://t.co/XvhiLG4A6r,1.25E+18,,,in,,0,0,0,https://x.com/malpostonline/status/1253206852525084673,9.86E+17,malpostonline
1.26E+18,Wed May 06 10:20:01 +0000 2020,0,Satuan Reserse Narkoba (Satreskoba) Polresta Malang Kota menangkap seorang bandar dan kurir narkoba. Keduanya kedapatan menyimpan dan memiliki sabu serta pil happy five yang siap https://t.co/BNM0F5QFhY,1.26E+18,,,in,,0,0,0,https://x.com/malpostonline/status/1257978416856514560,9.86E+17,malpostonline
1.30E+18,Thu Aug 27 08:32:27 +0000 2020,0,Diduga Sindikat Ganja 2 Pemuda di Malang Diciduk Polisi Satresnarkoba Polresta Malang Kota menangkap dua pengedar ganja di Malang. Diduga keduanya adalah pengedar bandar besar dari Jawa Tengah. Mereka adalah Agus https://t.co/W7tmBJtUa8,1.30E+18,,,in,"Malang, Jawa Timur",0,0,0,https://x.com/tugumalang_id/status/1298901175526477835,535213390,tugumalang_id
1.63E+18,Thu Mar 02 00:03:18 +0000 2023,1,@kimmymatcha Sdh termonitor oleh teman2 Polsek Lowokwaru @DalemSatrio ya. Semoga pelaku yang meresahkan bisa segera ditangkap dan diminta pertanggungjawaban,1.63E+18,,kimmymatcha,in,"Kota Malang, Jawa Timur",0,1,0,https://x.com/ArnandoFernando/status/1631082716816105474,2942488856,ArnandoFernando
1.66E+18,Mon May 15 15:28:36 +0000 2023,4,Ternyata ini merupakan modus penipuan. Yang punya online shop hati-hati. @infomalang Link: https://t.co/A10sYqiZYk,1.66E+18,,,in,Malang,0,3,4,https://x.com/habibahthahir/status/1658132279225638912,1012883251,habibahthahir
1.75E+18,Thu Jan 18 23:41:21 +0000 2024,0,@yusufgunawan @HumasResMlg @infomalang @Malangraya_info @ipoksamidub Semoga pelaku kelompok begal segera diringkus... We trust you pak polisi.. ,1.75E+18,,yusufgunawan,in,Tumpang Jawa Timur,0,0,0,https://x.com/AdeqDhea/status/1748128473892401434,2440810573,AdeqDhea
1.34E+18,Tue Dec 15 02:37:07 +0000 2020,0,Polisi tangkap pelaku narkoba. Polisi ku polwan ï¸ï¸yes banget. Good morning BNN ,1.34E+18,,,in,,0,0,0,https://x.com/EkoFirman20/status/1338674420529827841,1.34E+18,EkoFirman20
1.35E+18,Fri Jan 22 11:48:58 +0000 2021,0,BRAVO POLISI kasih sangsi yang tegas.pelaku biadab cekok i bayi masih umur 4 bulan.,1.35E+18,,,in,,0,0,0,https://x.com/EkoFirman20/status/1352584034463834113,1.34E+18,EkoFirman20
1.66E+18,Fri May 12 23:02:50 +0000 2023,1,Beraksi di 16 TKP Sindikat Pelaku Curanmor di Kota Malang Dibekuk Polisi https://t.co/PhzFCcPe95,1.66E+18,,,in,Malang,0,2,0,https://x.com/RRIMalang/status/1657159425118076928,1371191090,RRIMalang
1.37E+18,Sun Feb 28 15:32:54 +0000 2021,0,Tiga perempuan ini hina Negara. Polisi langsung tangkap pelaku 3 perempuan.buat lah konten yang sopan santun ramah lingkungan Media. https://t.co/VOkcLpjqPr,1.37E+18,https://pbs.twimg.com/media/EvUuF4XUcAAEbVR.jpg,,in,,0,0,0,https://x.com/EkoFirman20/status/1366048743208808449,1.34E+18,EkoFirman20
1.33E+18,Sat Nov 21 12:17:03 +0000 2020,13,Malam minggu waktunya cari penjahat apes. Udah dapet 1 pelaku begal HP modus ngaku jadi Satpol PP / Polisi yg lagi razia masker. Sementara baru ngaku main di 39 TKP se-Malang Raya. Barangkali ada yg jadi korban serupa kasih tau ya masih ada 10 Hp belum tau punya siapa,1.33E+18,,,in,"East Java, Indonesia",2,2,8,https://x.com/prabu_abimanyu/status/1330123054979145735,9.58E+17,prabu_abimanyu
1.37E+18,Sun Mar 07 13:40:52 +0000 2021,0,Ini ya guys HATI2 BUAT DIMALANG RAYA KEDOK JUAL KUCING UDAH DI TF KATANYA DI ANTAR LANGSUNG DI BLOCK! HATI2 SAMA ITU NOMER ENTAH ITU FOTONYA REAL APA ENGGA. #twitterdoyourmagic #penipuan https://t.co/euf6hM1LS6,1.37E+18,https://pbs.twimg.com/media/Ev4Xk6NVkAAwAOu.jpg,,in,mlg,0,0,0,https://x.com/sullaxxx/status/1368557261937774595,1.29E+18,sullaxxx
1.53E+18,Thu Jun 09 08:51:25 +0000 2022,0,Modus #penipuan perubahan tarif transfer dr 6500 menjadi 150.000 Mengaku pihak bank BRI https://t.co/Xd0NvqAJkN,1.53E+18,https://pbs.twimg.com/media/FUzHDxPaMAAApvh.jpg,,in,ngalam city,0,0,0,https://x.com/nakConfuse/status/1534820448319418369,819460722,nakConfuse
1.27E+18,Tue May 26 14:00:19 +0000 2020,8,@infomalang hati2 warga Malang saya mengalami kejadian yang patut diduga penipuan driver gojek modusnya meminta transfer dengan alasan restaurant tidak menerima gopay. Apakah ada yang pernah mengalami juga?,1.27E+18,,infomalang,in,"Malang, Jawa Timur",1,10,9,https://x.com/Fahrial_IP/status/1265281614470213633,1.15E+18,Fahrial_IP
1.13E+18,Fri May 10 08:04:54 +0000 2019,0,baru bgt (hampir) kena penipuan masalah gojek (gopay). Si penipu ini bilang kl gue pemenang dari everyday random pick users dengan hadiah saldo gopay senilai 1jt.,1.13E+18,,,in,bali,0,1,0,https://x.com/apramehh/status/1126760008576692229,502514483,apramehh
1.16E+18,Wed Jul 31 02:00:01 +0000 2019,6,Penipuan modus teman lama. Hati-hati ya temanku hampir kena tipu https://t.co/CE7ZyzEcAs,1.16E+18,https://pbs.twimg.com/media/EAxM42PUYAAlUXz.jpg,,in,"Malang, Jawa Timur",2,5,14,https://x.com/heylov3ly/status/1156383986521792513,1203718308,heylov3ly
1.16E+18,Wed Jul 31 02:38:38 +0000 2019,0,082140078953 ini nomer bosnya ngakunya namanya ilham. Karna ngerasa ada yang aneh tiba-tiba mau transfer 14 juta jadi nomornya dicari digoogle dan muncul postingan orang Malang juga yang hampir kena penipuan di grup facebook Komunitas Peduli Malang. https://t.co/GHzoI1W9Hn,1.16E+18,https://pbs.twimg.com/media/EAxV24GU4AAdOlo.jpg,heylov3ly,in,"Malang, Jawa Timur",0,0,0,https://x.com/heylov3ly/status/1156393704074010624,1203718308,heylov3ly
1.17E+18,Wed Sep 11 00:44:50 +0000 2019,0,@sabrinaanindyy @ganricky Kita curiganya mapsnya dah dikacoin si penipu dari awal. Emang biar orderanny ga nyampe gitu. Soalnya driver gojeknya juga emosi katanya maps nya ngarahinnya kok pindah2 ganti2 dia capek sendiri akhirnya pulang. Gatau deh ruwet kmrn itu knp makin canggih ya skrg modus penipuan ,1.17E+18,,buruhpengabdian,in,Behind your smile,0,1,0,https://x.com/megaisma/status/1171585357952897024,169889467,megaisma
1.17E+18,Sun Sep 01 12:49:11 +0000 2019,0,Hati2 penipuan yg mengatasnamakan pertamina https://t.co/8rqqlWRwBp,1.17E+18,https://pbs.twimg.com/media/EDYUjBwU4AAtIGu.jpg,,in,Ponorogo - Malang,0,2,0,https://x.com/vitayuliaatma/status/1168143764763709441,260590428,vitayuliaatma
1.18E+18,Mon Sep 30 11:06:53 +0000 2019,0,Ternyata itu modus penipuan baru!! Ciri2 penipuan biasanya orangnya ini ngomongnya cepet sampe kita bisa aja kehipnotis. Alhamdulillah untung hpku mati..,1.18E+18,,naadDM,in,BSD - Malang,0,0,1,https://x.com/naadDM/status/1178627267624259585,1028394739,naadDM
1.21E+18,Sun Dec 22 12:48:32 +0000 2019,105,WASPADA PENIPUAN!!!! Beredar Surat Pemanggilan CPNS untuk penyerahan SK dan Pembekalan. Surat tersebut TIDAK DIBUAT dan DIEDARKAN oleh BKD Provinsi Jawa Timur #SobatJatim please RT dan selamatkan teman2 dari bahaya penipuan oleh oknum yg tidak bertanggungjawab!!! #penipuancpns https://t.co/NaAESZx3p3,1.21E+18,https://pbs.twimg.com/media/EMZGeFQVAAAlcMI.jpg,,in,"Jemur Andayani I, Surabaya",5,10,155,https://x.com/bkdjatim/status/1208731042665787397,3994137919,bkdjatim
1.26E+18,Fri May 01 11:09:28 +0000 2020,0,Hati hati penipuan mengatasnamakan BRI.. saya hanya berbagi pengalaman saya.. semoga bisa menjadi pembelajaran ya guyss https://t.co/R09Xw2ZNuS,1.26E+18,https://pbs.twimg.com/media/EW7YCK2VcAUHFT1.jpg,,in,"Jawa Timur, Indonesia",0,1,0,https://x.com/ririnmry/status/1256178924372910082,9.52E+17,ririnmry
1.26E+18,Wed May 13 20:35:41 +0000 2020,0,Muliono 34 warga Dusun Biyan Desa Sukomulyo Kecamatan Pujon harus meringkuk di rutan Mapolres Malang sejak akhir pekan lalu. Dia ditangkap karena kasus penipuan. Korbannya Kamsin warga Jalan Masjid Desa https://t.co/9Mv4kCBi7O,1.26E+18,,,in,,0,0,0,https://x.com/malpostonline/status/1260670072089120769,9.86E+17,malpostonline
1.64E+18,Sun Mar 19 07:54:35 +0000 2023,0,Polisi Minta Masyarakat Waspada Penipuan Surat Tilang https://t.co/UQjRwmGAIN,1.64E+18,,,in,Malang,0,0,0,https://x.com/RRIMalang/status/1637361914027327491,1371191090,RRIMalang
1.75E+18,Wed Jan 17 02:42:59 +0000 2024,4,Ada Klitih di Malang Warga Hampir Kena Begal di Daerah Blimbing: Padahal Rame Lho! https://t.co/VPpDO7N29g,1.75E+18,,,in,Malang,0,3,3,https://x.com/aboutmalang_com/status/1747449409129070627,1.67E+18,aboutmalang_com
1.75E+18,Sun Jan 14 00:47:59 +0000 2024,0,@Widino Ga berani pak sekarang di malang darurat begal :(,1.75E+18,,Widino,in,Malang,0,0,0,https://x.com/habibahthahir/status/1746333305363157140,1012883251,habibahthahir
1.75E+18,Sun Jan 14 00:45:46 +0000 2024,0,Karena banyak kejadian begal di malang kayaknya orang-orang harus pada sadar buat bawa cairan merica atau boncabe deh buat melumpuhkan (setidaknya) sementara buat jaga-jaga :(,1.75E+18,,,in,Malang,0,0,0,https://x.com/habibahthahir/status/1746332745507488179,1012883251,habibahthahir
1.04E+18,Sun Sep 02 17:09:23 +0000 2018,4,Mengenai kasus pembegalan yang menimpa teman saya sudah ditangani polisi dan pelaku 3 orang sudah di tangkap. Ceritanya sibegal modus ketabrak dan meminta pertanggungjawaban kemudian melaksanakan aksi jahat. Hati2 reek ,1.04E+18,,,in,"Jember, Jawa Timur",0,1,0,https://x.com/halomem/status/1036300065952813056,467446966,halomem
1.26E+18,Thu May 07 03:31:50 +0000 2020,0,Polresta Malang Kota kembali melakukan operasi balap liar Kamis (7/5) dinihari. Sebanyak 62 orang dan 38 kendaraan roda dua langsung diamankan. Tiga orang diantaranya harus melakukan rapid test lantaran mengalami https://t.co/zkXQrm4tw6,1.26E+18,,,in,,0,0,0,https://x.com/malpostonline/status/1258238084535267328,9.86E+17,malpostonline
1.74E+18,Mon Jan 01 08:00:03 +0000 2024,77,Bayi dibuang di sekitar Pabrik Grendel Jalan Terusan Batu Bara Malang hari ini (1/1). Bayi ditemukan sekitar pukul 1 siang dalam kondisi meninggal. Tali pusarnya masih menempel. Terpantau kepolisian dan Babinsa Pandanwangi mendatangi lokasi bersama ambulans. https://t.co/Cgo3UratuA,1.74E+18,https://pbs.twimg.com/media/GCvfD1ybIAAhc2s.jpg,,in,"Jalan Kawi 11B, Kota Malang",11,22,33,https://x.com/radar_malang/status/1741730992996635120,528590547,radar_malang
1.75E+18,Thu Jan 18 23:41:21 +0000 2024,0,@yusufgunawan @HumasResMlg @infomalang @Malangraya_info @ipoksamidub Semoga pelaku kelompok begal segera diringkus... We trust you pak polisi.. ,1.75E+18,,yusufgunawan,in,Tumpang Jawa Timur,0,0,0,https://x.com/AdeqDhea/status/1748128473892401434,2440810573,AdeqDhea
1.69E+18,Wed Aug 09 05:04:01 +0000 2023,13,Dipikir kecelakaan ternyata peristiwa di Singosari dua hari lalu adalah penangkapan maling motor oleh Polresta Malang Kota. Dua maling motor sudah dibuntuti untuk disergap. Saat penangkapan pelaku melawan sehingga didor. berikut video konferensi pers penangkapan pelaku https://t.co/0Li007e8IE,1.69E+18,https://pbs.twimg.com/ext_tw_video_thumb/1689140211748605953/pu/img/kMzDS6WPWG6pVmPR.jpg,,in,"Jalan Kawi 11B, Kota Malang",1,0,7,https://x.com/radar_malang/status/1689140455160852485,528590547,radar_malang
1.59E+18,Fri Nov 18 09:13:53 +0000 2022,0,Pelaku Soceng sering menggunakan telepon SMS Email Sosial Media maupun watsapp untuk melakukan modus kejahatan. #WebSeriesBRI #ModusOperandiSeries #ROBRIMalang #KCMalangSoekarnoHatta https://t.co/x5To96LI7H,1.59E+18,https://pbs.twimg.com/media/Fh1dwrqUAAAAPyz.jpg,,in,"Malang, Jawa Timur",0,0,0,https://x.com/samokeriyanto/status/1593532938968125445,7.50E+17,samokeriyanto
1.59E+18,Fri Nov 18 09:06:16 +0000 2022,0,Pelaku Soceng sering menggunakan telepon SMS Email Sosial Media maupun watsapp untuk melakukan modus kejahatan. #WebSeriesBRI #ModusOperandiSeries #ROBRIMalang #KCMalangKawi https://t.co/0PZJYB4HZV,1.59E+18,https://pbs.twimg.com/media/Fh1cBHPUcAAByqE.jpg,,in,"Malang, Jawa Timur",0,0,0,https://x.com/Christianwanda9/status/1593531021147836416,1.53E+18,Christianwanda9
1.32E+18,Sat Oct 31 08:56:38 +0000 2020,4,Pelaku ini beraksi sejak April 2019 di wilayah Kab Malang saja yang tertipu sama mbak ini tercatat ada 67 orang dengan masing2 kerugian antara 5 jt - 80 jt dengan total 1 3 Milyar. Tapi informasinya ada juga korban di wilayah Kota Malang.,1.32E+18,,prabu_abimanyu,in,"East Java, Indonesia",0,1,0,https://x.com/prabu_abimanyu/status/1322462474906447872,9.58E+17,prabu_abimanyu
1.27E+18,Fri Jun 12 02:54:27 +0000 2020,0,Pelaku pencurian kendaraan bermotor (curanmor) benar-benar keterlaluan. Mereka kembali menyasar permukiman warga. Kali ini ia mencuri sepeda motor matic yang diparkir di depan rumah warga yang berada di dalam gang https://t.co/AmQDeznXUn,1.27E+18,,,in,,0,0,0,https://x.com/malpostonline/status/1271274638128136194,9.86E+17,malpostonline
1.26E+18,Wed May 13 20:37:39 +0000 2020,0,Identitas maling motor di Desa Kasembon Kecamatan Bululawang yang dimassa terungkap. Pelaku diketahui bernama Fathur Rozi 27 warga Dusun Gunungpandak Desa Kademangan Pagelaran. Hingga Rabu (13/5) kondisinya https://t.co/NMfrDOx30J,1.26E+18,,,in,,0,0,0,https://x.com/malpostonline/status/1260670565431554048,9.86E+17,malpostonline
1.25E+18,Thu Apr 23 13:54:01 +0000 2020,0,Warung makan milik Ana Yulia Amperawati di Jalan Jaksa Agung Suprapto I Kota Malang dibobol pencuri Kamis (23/4) dini hari. Pelaku diperkirakan beraksi seorang diri. Akibat kejadian ini korban mengaku mengalami https://t.co/NjlX5W7MiX,1.25E+18,,,in,,0,0,0,https://twitter.com/malpostonline/status/1253321228741459969,9.86E+17,malpostonline
1.25E+18,Thu Apr 23 13:51:40 +0000 2020,0,Pembobol Malbourne Coffee Shop milik Wakil Ketua DPRD Kota Malang di Jalan Candi Panggung Malang terungkap. Pelakunya ternyata anak berusia di bawah umur. Rabu (22/4) pelaku diamankan Unit Reskrim Polsek Bantur https://t.co/sIZABeNJSM,1.25E+18,,,in,,0,0,0,https://twitter.com/malpostonline/status/1253320640494329856,9.86E+17,malpostonline
1.26E+18,Mon May 04 02:57:47 +0000 2020,5,Tak sampai 24 Jam Unit Reskrim Polsek Singosari berhasil meringkus pelaku curas. #KabupatenMalang https://t.co/AXKqzHdTQ1,1.26E+18,,,in,Kota Malang,0,0,0,https://twitter.com/tubagusody/status/1257142351329325056,1.16E+18,tubagusody
1.26E+18,Fri May 08 06:33:01 +0000 2020,0,Dua siswa sekolah menjadi korban pencurian dengan kekerasan (curas) Kamis (7/5) malam. Akibatnya sebuah sepeda motor scoopy dengan nomor polisi N 5359 GU raib dibawa kabur. ... ... Selengkapnya cek instastory dan https://t.co/0cNeKM9jbp,1.26E+18,,,in,,0,0,0,https://twitter.com/malpostonline/status/1258646065886175232,9.86E+17,malpostonline
9.48E+17,Tue Jan 02 18:46:15 +0000 2018,0,@infomalang min update info maling kepergok donk kejadiannya di universitas gajayana min barang kali ada yang share.. hehhe,9.48E+17,,infomalang,in,"Malang , East Java , Indonesia",0,1,0,https://x.com/gethana/status/948264191873368065,99471609,gethana
1.18E+18,Sat Sep 21 10:07:16 +0000 2019,2,@cityguide911fm @yusufgunawan @Senaputra_FM gaes yg disekitar rumahe ada kegiatan warga ntah karnaval/bersih desa hati2 kunci pagar n pintu. Di Tlogomas kn ada kegiatan warga taunya ada yg kehilangan barang berharga moduse ada orang luar mau liat2 taune maling. Ati2 dulur,1.18E+18,,cityguide911fm,in,62,0,0,3,https://x.com/putrimarsellina/status/1175350776857673728,153187040,putrimarsellina
1.18E+18,Sat Sep 21 08:05:28 +0000 2019,5,@infomalang @infodinoyo @RRIMalang @PuspitaFM gaes yg disekitar rumahe ada kegiatan warga ntah karnaval/bersih desa hati2 kunci pagar n pintu. Di Tlogomas kn ada kegiatan warga taunya ada yg kehilangan barang berharga moduse ada orang luar mau liat2 taune maling. Ati2 dulur,1.18E+18,,infomalang,in,62,0,0,4,https://x.com/putrimarsellina/status/1175320125542526976,153187040,putrimarsellina
1.23E+18,Fri Feb 21 04:31:01 +0000 2020,0,Hati2 gaes.. Di daerahku pakisaji seminggu ini sudah 2x kebobolan maling..,1.23E+18,,,in,,0,0,0,https://x.com/husenahm_/status/1230711500047671296,200768737,husenahm_
1.25E+18,Mon Apr 13 11:25:33 +0000 2020,0,Sawojajar oh sawojajar Setelah dinyatakan red zone di kolom komentarnya pemkot dilaporin netijen kalo masih banyak yg keluyuran skr di warning banyak maling ,1.25E+18,,,in,Malang,0,0,0,https://x.com/agt_ross/status/1249659988710027264,286266140,agt_ross
1.25E+18,Tue Apr 14 10:47:27 +0000 2020,1,Hati-hati yang masih di malang. Lagi marak maling dan jambret.,1.25E+18,,,in,riotcity,0,3,0,https://x.com/kevindomainers/status/1250012788648366087,1.13E+18,kevindomainers
1.25E+18,Wed Apr 15 06:02:48 +0000 2020,0,@mahasiswamlg @PemkotMalang @Pemkab_Malang Maling jambret bikin resah diwilayah dieng udah banyak motor hilang,1.25E+18,,mahasiswamlg,in,"Kota Malang, East Java",0,0,0,https://x.com/haiiivia/status/1250303540645384193,3870191412,haiiivia
1.25E+18,Wed Apr 15 11:05:24 +0000 2020,0,Kejadian kriminalitas berupa penjambretan maling hingga pencurian motor belakangan ini terdengar kencang di tengah pandemi wabah COVID-19 di Kota Malang. Hal ini mengundang pula perhatian Wali Kota Malang https://t.co/svFzfhaJUh,1.25E+18,,,in,,0,0,0,https://x.com/malpostonline/status/1250379694148595712,9.86E+17,malpostonline
1.25E+18,Thu Apr 16 08:43:26 +0000 2020,1,SERIUS SUMPAAAH . MALANG DARURAT MALINGga tirto tok. Sawojajar tambah,1.25E+18,,,in,"Malang, Jawa Timur",0,0,1,https://x.com/sabrinanadyaa/status/1250706353359687681,355383286,sabrinanadyaa
1.25E+18,Sat Apr 18 06:39:59 +0000 2020,2,Malang darurat maling. Mari diuber dan nabrak pohon pelaku sudah ditangkap. Lokasi pertigaan setelah bunderan panglima sudirman. @infomalang https://t.co/qF2fmcZ6pa,1.25E+18,https://pbs.twimg.com/media/EV3dj_lVAAEp38t.jpg,,in,3meter dari gardu listrik,0,2,0,https://x.com/edhoamplop19/status/1251400061952524288,315675970,edhoamplop19
1.25E+18,Sat Apr 18 12:47:23 +0000 2020,2,@blogdokter Di malang skrg bukan lagi Corona yg ditakutkan tapi pelaku jambret maling sama begal,1.25E+18,,blogdokter,in,,2,2,0,https://x.com/widyasan27/status/1251492522498551808,451243447,widyasan27
1.25E+18,Sun Apr 19 08:40:26 +0000 2020,0,Aksi percobaan pencurian kembali terjadi di Kota Malang Sabtu (18/4). Tepatnya di Jalan Danau Tempe II Kelurahan Sawojajar Kecamatan Kedungkandang Kota Malang disatroni maling. Warga sekitar berhasil menggagalkan https://t.co/Tst61EjHzS,1.25E+18,,,in,,0,0,0,https://x.com/malpostonline/status/1251792761755500544,9.86E+17,malpostonline
1.25E+18,Tue Apr 21 18:07:04 +0000 2020,8,@infomalang mohon untuk temen2 semua nya bener2 berhati2 ketika malam jangan lupa kunci pintu dan jendela mlm ini tadi sktr jam 10 an ada kejadian kemalingan di wilayah BTU gribig maling ada 3 orang dan ketahuan oleh warga namun berhasil kabur lewat sungai.,1.25E+18,,infomalang,in,,2,2,9,https://x.com/hothotpops_/status/1252660136272752640,1.01E+18,hothotpops_
1.25E+18,Tue Apr 21 18:11:35 +0000 2020,0,@pala_id @infomalang Maling juga gak cuma begal ... Ini barusan jg ada maling ketahuan tp berhasil kabur di area rumah,1.25E+18,,pala_id,in,,0,0,0,https://x.com/hothotpops_/status/1252661272299966465,1.01E+18,hothotpops_
1.26E+18,Wed Apr 29 04:22:16 +0000 2020,0,Rumah seorang warga Perumahan Wijaya Negara Kelurahan/Kecamatan Kedungkandang disatroni maling Selasa (28/4) dini hari. Beruntung warga sekitar berhasil menggagalkan aksi pencurian tersebut. Pelakunya berjumlah dua https://t.co/PowMPN2hdN,1.26E+18,,,in,,0,0,0,https://x.com/malpostonline/status/1255351672211148803,9.86E+17,malpostonline
1.26E+18,Mon May 11 09:21:33 +0000 2020,0,Sebuah toko retail modern Indomaret di Jalan Raya Mulyorejo Kecamatan Sukun Kota Malang diduga disatroni maling Senin (11/5) dini hari. Beruntung tidak ada barang yang hilang akibat peristiwa itu. Salah satu https://t.co/VN39Mvgjga,1.26E+18,,,in,,0,0,0,https://x.com/malpostonline/status/1259775643916566528,9.86E+17,malpostonline
1.26E+18,Fri May 22 07:42:08 +0000 2020,0,Fathur Rozi 27 asal Kademangan Pagelaran maling yang viral digebuki massa di Desa Kasembon Bululawang bukan pemain baru. Dia adalah residivis kambuhan yang sudah pernah tertangkap sebelumnya karena kasus yang https://t.co/cqus3st4mF,1.26E+18,,,in,,0,0,0,https://x.com/malpostonline/status/1263736891846938624,9.86E+17,malpostonline
1.27E+18,Wed Jun 03 11:22:06 +0000 2020,0,Setelah beberapa waktu lalu maling motor beraksi kali ini kejahatan jalanan kembali terjadi di wilayah hukum Kota Malang. Rabu (3/6). Seolah tak ada takutnya dengan polisi dalam hal ini Polresta Malang Kota yang https://t.co/rl3Hz6c8zo,1.27E+18,,,in,,0,0,0,https://x.com/malpostonline/status/1268140899881619457,9.86E+17,malpostonline
1.28E+18,Sat Jul 11 14:22:00 +0000 2020,0,@chokicaca @SatpamUm @ngalamfess Btw aku lanang lah maling e buodo mari nyolong kerekam cctv lah kok selang 3 hari lewat fakultas pas kene nongkrong titen mbek sepeda e auto di uber tah gowo nang satpam wkwk,1.28E+18,,llaqwa,in,---------tit--------,0,1,0,https://x.com/badaitopanlesus/status/1281956913127632896,49636895,badaitopanlesus
1.28E+18,Sat Jul 11 13:50:10 +0000 2020,0,@chokicaca @SatpamUm @ngalamfess Pernah dulu nangkep maling helm d u.m taun 2016 setelah d gebukin ikut ngebawa ke polsek dinoyo cuma di data maling e arek u'm dewe tapi ws lumayan bonyok d pos satpam ,1.28E+18,,llaqwa,in,---------tit--------,0,1,0,https://x.com/badaitopanlesus/status/1281948903399493632,49636895,badaitopanlesus
1.69385E+18,Tue Aug 22 05:06:44 +0000 2023,3,Kepala Kantor OJK Malang Sugiarto Kasmuri menyebut selama beberapa tahun terakhir laporan terkait kejahatan siber yang masuk ke pihaknya baru satu. Yakni yang dialami pengusaha asal Malang. Pengusaha itu rugi sampai Rp 1 4 miliar. Selengkapnya : https://t.co/mzTAVzSr5w https://t.co/a5hwiDbdof,1.69385E+18,https://pbs.twimg.com/media/F4HFkz8aIAAtvIg.jpg,,in,"Jalan Kawi 11B, Kota Malang",0,0,0,https://x.com/radar_malang/status/1693852177524216031,528590547,radar_malang
1.04298E+18,Fri Sep 21 03:26:53 +0000 2018,0,@UB_Official min semalem ada curanmor d ub. Krna kejadian itu gerbang veteran macet karna pemeriksaan stnk. Apa hrus kejadian dlu baru ada tindakan? Yuk min bkin palang pintu parkir otomatis. Khusus mahasiswa tinggal menggunakan barcode ktm. Pejalan umum&amp;ojol bayar. https://t.co/UvgSr6jroU,1.04298E+18,https://pbs.twimg.com/media/DnlnXLQUwAAsynM.jpg,UB_Official,in,,0,0,0,https://x.com/salmaaardana27/status/1042978442898157568,1.01124E+18,salmaaardana27
1.12929E+18,Fri May 17 07:27:41 +0000 2019,0,Curanmor di @alfamart deket rumah. @HumasMakota @Polresmlgkab Cuma berapa detik itu mbobol kuncinya? Ada yang punya saran kunci yang aman seperti apa? #curanmor #kriminal #waspadalah #alfamart #indomaret https://t.co/19ru5caY0m,1.12929E+18,,,in,,0,0,0,https://x.com/itstikakid/status/1129287355733553164,154840456,itstikakid
1.23223E+18,Tue Feb 25 08:47:55 +0000 2020,0,Budi Santoso 33 warga Jalan Kolonel Sugiono V bernasib apes. Sepeda motor vari yang baru dicicilnya sebanyak enam kali raib digondol pencuri. Aksi pelaku pencurian tersebut sempat terekam kamera pengintai dan viral https://t.co/OjIxWkQy45,1.23223E+18,,,in,,0,0,0,https://x.com/malpostonline/status/1232225701362831360,9.86315E+17,malpostonline
1.23342E+18,Fri Feb 28 15:50:24 +0000 2020,0,Seorang kakek asal Jalan Kauman Desa Ngebruk Kecamatan Sumberpucung harus berurusan dengan polisi. Sunari alias Narit 60 Kamis (27/2) ditangkap Unit Reskrim Polsek Turen. Perkaranya karena melakukan pencurian https://t.co/msFHK1Yn9v,1.23342E+18,,,in,,0,0,0,https://x.com/malpostonline/status/1233419185822294017,9.86315E+17,malpostonline
1.23476E+18,Tue Mar 03 08:45:41 +0000 2020,0,Tidak hanya menyasar motor baru pelaku pencurian kendaraan bermotor juga membidik motor klasik. Senin (2/3) malam sebuah motor Honda Astrea dengan nomor polisi N 6467 BQ raib digondol pencuri. ... ... Selengkapnya https://t.co/gwrV6NPD0n,1.23476E+18,,,in,,0,0,0,https://x.com/malpostonline/status/1234761852770553856,9.86315E+17,malpostonline
9.54E+17,Wed Jan 17 23:23:18 +0000 2018,0,Kembali dapat modus penipuan via telpon mengatasnamakan @gojekindonesia dengan hadiah 2 juta rupiah minta disebutkan kode rahasia yg dikirim ke HP,9.54E+17,,,in,"Kota Malang, Jawa Timur",0,1,0,https://x.com/vmao5api/status/953769728438296577,133168983,vmao5api
1.04E+18,Fri Sep 21 05:47:44 +0000 2018,7,@infomalang min bantu share info hati-hati! ada modus penipuan baru sasaran designer / penjahit. kedoknya mau pesan baju pengantin dan gaun untuk keluarga total 20 gaun lebih dan berani bayar mahal. tp ujung nya nawari cover untuk gaun. dan minta tfr. penipu atas nama NANDA PUTRA https://t.co/mLcZ8puMdy,1.04E+18,https://pbs.twimg.com/media/DnmHk6MVAAUP-PE.jpg,infomalang,in,,1,3,3,https://x.com/amrcellaa/status/1043013891117133826,105724080,amrcellaa
1.05E+18,Mon Oct 01 08:59:10 +0000 2018,3,@infomalang min minta tolong sebarkan temen habis kena penipuan COD kamera di Villa Puncak Tidar blok G-20 dengan modus akan membeli kamera lalu setelah di cek orang yg ada di foto ijin kebelakang bikin teh lalu menghilang lewat pintu blkang jika ada yg thu info orangnya. Trims https://t.co/Q1AD6YyeXl,1.05E+18,https://pbs.twimg.com/media/DoaTSo7UwAAM6md.jpg,infomalang,in,,1,7,26,https://x.com/hothotpops_/status/1046685947251703808,1.01E+18,hothotpops_
1.12E+18,Tue Apr 23 15:13:28 +0000 2019,1,Ada call dr 081370451172 yg mengabarkan kalo kecelakaan hati2 no penipuan @e100ss @infomalang,1.12E+18,,,in,,0,1,2,https://x.com/dudisudarmono/status/1120707265869205506,249936081,dudisudarmono
1.55E+18,Fri Jul 15 09:39:48 +0000 2022,1,Konferensi pers ungkap kasus tindak pidana penipuan dan peredaran obat-obatan terlarang telah dilaksanakan pagi ini di halaman depan Polresta Malang Kota. Karena keamanan dan masa depan Kota Malang harus kita jaga bersama. #PresisiMengabdiMelayani https://t.co/6mqrnLHTHq,1.55E+18,https://pbs.twimg.com/media/FXsrXFxacAUxx4H.jpg,,in,Kota Malang,0,0,1,https://x.com/polrestamakota/status/1547878590934827009,1.25E+18,polrestamakota
1.13E+18,Mon May 27 05:20:08 +0000 2019,39,WASPADA modus penipuan online baru! Pelaku pura2 jd dokter kulit kelamin kenamaan di malang (kali ini jd dr.dhelya sp.KK) bikin akun line baru trus add org2 dan minta foto telanjang utk jd riset. Be carefull @infomalang https://t.co/k4TS8fgmKW,1.13E+18,https://pbs.twimg.com/media/D7jLj20UEAAYRnI.jpg,,in,Di dental unit nungguin kamu ~,8,12,126,https://x.com/rhetwit/status/1132879136186195968,39994405,rhetwit
1.73E+18,Thu Nov 16 14:01:17 +0000 2023,0,FYI nama pelaku YUYU DAFIKA WARUWU. Orang Nias. Umur sekitar 19-20 tahun. Ig : afokho_afeto Tiktok : dafik_cut Berikut foto pelaku maling #Maling https://t.co/FnhYKClY6m,1.73E+18,https://pbs.twimg.com/media/F_D4pXdX0AATYGq.jpg,Cattleya_me,in,,0,1,0,https://x.com/Cattleya_me/status/1725152058116874659,1.66E+18,Cattleya_me
1.70E+18,Sun Sep 10 13:23:08 +0000 2023,1,Bagi yang ketemu orang yang pake helm cargloss itam di belakang ada stiker GAHBM dan Penny Ways tolong dipukul ya masih aja musim maling helm asuw #malang,1.70E+18,,,in,"Kota Dumai, Riau",0,5,1,https://x.com/raabiaann/status/1700862472142680071,1.27E+18,raabiaann
1.55E+18,Sun Jul 17 03:43:40 +0000 2022,0,Maling Cabe Ditangkap Dihakimi Warga di Malang https://t.co/NNLsmrq5p1,1.55E+18,,,in,"Subang, Jawa Barat",0,0,0,https://x.com/info_maszee/status/1548513739451731970,2659397564,info_maszee